PID,contestant,Age,Sex,Birthday,Season,Finish,Day 1 Filming date,Days,SurvAv,SurvSc,NoJ,ChW%,InChW%,TChW%,SO,TC%,wTCR,VFB%,nVFB%,VAT%,JV%,Exile,Time
AAGB37085791100749,Richard Brown,25.6,Sex 2,1979-03-13,10,15,2004-11-01,11.0,2.02,0.82,2.02,0.14,0.00,0.286,0,0.68,1.75,0.75,0.25,0.75,0.0,0,1
ABXI71146492757061,Kate Newman,,Sex 2,,34,9,,32.0,2.13,0.68,2.13,0.12,0.00,0.462,0,0.55,1.23,0.57,0.43,0.57,0.0,0,2
ABXI71146492757061,Kate Newman,,Sex 2,,30,5,,37.0,2.60,0.59,2.60,0.09,0,0.385,0,0.49,1.40,0.50,0.50,0.20,0.0,0,1
AESM15895013082264,Dr Jamie Grant,33.8,Sex 1,1970-08-29,9,1,2004-06-26,39.0,11.90,1.86,8.15,0.32,0.23,0.533,1,0.83,3.33,0.83,0.17,0.42,0.71,0,1
AFDT02440457757339,Mr Reece Jones,,Sex 2,,36,3,,39.0,6.69,1.1,6.69,0.19,0.10,0.571,1,0.91,4.24,0.91,0.09,,0.0,0,1
AFLV39435644609479,Hannah Lawrence,,Sex 1,,19,2,,39.0,7.83,1.38,6.49,0.16,0.11,0.273,1,1.0,4.67,1.00,0.00,0.07,0.222,0,1
AFLV39435644609479,Hannah Lawrence,,Sex 1,,20,3,,39.0,5.53,1.14,5.53,0.23,0.22,0.333,2,0.91,2.85,0.92,0.08,0.17,0.0,0,3
AFLV39435644609479,Hannah Lawrence,,Sex 1,,22,17,,10.0,0.24,-0.06,0.24,0.27,#DIV/0!,0.667,0,-0.33,0.00,0.00,1.00,1.00,0.0,2,3
AFOF82547811022392,Dr Charles Walker,103.5,Sex 1,,7,3,2003-06-23,38.0,4.02,0.89,4.02,0.152,0.09,0.429,2,0.74,1.91,0.75,0.25,0.33,0.0,0,1
AFOF82547811022392,Dr Charles Walker,,Sex 1,,16,20,,3.0,0.00,-0.9,0.00,0.0,0.00,0.000,0,-0.9,0.00,0.00,1.00,1.00,0.0,0,2
AGBE41959690542469,Leon White,25.9,Sex 2,1979-07-30,11,15,2005-06-27,11.0,2.17,1.06,2.17,0.706,#DIV/0!,0.714,0,0.35,1.56,0.50,0.50,0.50,0.0,0,1
AGBE98433365620858,Jean Thomas,,Sex 1,,12,11,,15.0,2.09,0.55,2.09,0.274,#DIV/0!,0.400,0,0.27,1.33,0.33,0.67,0.33,0.0,0,1
AJQQ20713046461155,Dr Mark Wood,,Sex 2,,22,5,,37.0,3.64,0.84,3.51,0.21,0.13,0.571,0,0.63,1.37,0.64,0.36,0.18,0.0,4,1
AJQQ20713046461155,Dr Mark Wood,,Sex 2,,26,7,,33.0,3.30,1.0,3.30,0.27,0.17,0.667,1,0.73,1.24,0.75,0.25,0.50,0.0,0,2
AJQQ20713046461155,Dr Mark Wood,,Sex 1,,34,8,,33.0,4.81,1.06,4.81,0.46,0.33,0.692,0,0.6,0.97,0.63,0.38,0.38,0.0,0,3
AJXG30510252206600,Andrew Alexander,25.1,Sex 1,1981-12-15,14,2,2007-02-08,39.0,6.64,1.08,6.64,0.26,0.13,0.625,0,0.82,3.82,0.82,0.18,0.18,0.0,0,1
AMVS35460503731103,Mr Dylan Roberts,,Sex 2,,4,1,,39.0,9.38,1.5,5.95,0.18,0.18,0.182,2,0.75,3.50,0.75,0.25,0.17,0.57,0,1
AMXK49936460319901,Frances Turner,,Sex 2,,22,15,,14.0,0.24,0.02,0.24,0.2,#DIV/0!,0.400,1,-0.18,0.00,0.00,1.00,0.50,0.0,1,1
ANJA83788484144373,Clive Begum,,Sex 2,,39,8,,32.0,0.99,0.52,0.99,0.04,0.00,0.182,0,0.48,0.74,0.50,0.50,,0.0,0,1
AONJ08766046194269,Ms Amber Richards,,Sex 1,,38,13,,35.0,2.06,0.63,2.06,0.18,0.00,0.400,0,0.45,1.17,0.50,0.50,,0.0,0,1
AUAD97764615278759,Lewis James-Higgins,31.5,Sex 2,1975-01-02,13,4,2006-06-26,38.0,3.82,0.94,3.82,0.15,0.00,0.571,1,0.79,2.24,0.80,0.20,0.30,0.0,0,1
AUKO45853115687103,Miss Joanna Taylor,103.8,Sex 2,,8,7,2003-11-03,30.0,3.58,0.91,3.58,0.21,0.00,0.571,2,0.69,1.91,0.75,0.25,0.50,0.0,0,2
AUKO45853115687103,Steven Robson-Campbell,32.5,Sex 2,1968-05-01,2,9,2000-10-23,24.0,2.53,0.68,2.53,0.21,0.00,0.600,0,0.46,1.56,0.50,0.50,1.00,0.0,0,1
AXYO80425209388351,Norman Lynch,27.8,Sex 1,1977-01-09,10,6,2004-11-01,33.0,5.62,1.03,5.62,0.31,0.17,0.600,3,0.72,2.63,0.75,0.25,0.25,0.0,0,1
AZBW98476591516154,Janet King-Richardson,,Sex 2,,40,5,,37.0,3.93,0.9,3.93,0.14,0.00,0.636,0,0.77,2.39,0.77,0.23,,0.0,0,2
AZBW98476591516154,Janet King-Richardson,,Sex 1,,35,1,,39.0,9.16,1.52,5.41,0.12,0.00,0.429,1,0.77,3.63,0.78,0.22,0.44,0.625,0,1
AZFH62733583011942,Jacob Harvey,,Sex 2,,35,11,,21.0,3.30,0.77,3.30,0.49,0.00,0.364,0,0.28,1.17,0.33,0.67,0.33,0.0,0,1
AZNR40368733443120,Mr Mohammed Hughes,,Sex 2,,28,10,,22.0,1.30,0.37,1.30,0.18,0.00,0.300,3,0.19,0.58,0.25,0.75,0.50,0.0,0,1
AZRZ62092028699130,Abdul Jones-Patel,24.3,Sex 2,1984-03-07,17,18,2008-06-23,3.0,0.00,-0.89,0.00,0.0,#DIV/0!,0.000,0,-0.89,0.00,0.00,1.00,1.00,0.0,0,1
AZSK99383349931751,Joshua Hayward-Davison,59.6,Sex 2,1944-11-08,9,3,2004-06-26,38.0,2.36,0.89,4.13,0.06,0.00,0.278,2,0.83,3.33,0.83,0.17,0.33,0.0,0,1
BAOM39781377878767,Michael Hutchinson,,Sex 1,,23,6,,36.0,4.73,1.07,4.73,0.16,0.13,0.571,0,0.91,3.18,0.91,0.09,0.18,0.0,1,1
BAOM39781377878767,Michael Hutchinson,,Sex 1,,26,15,,13.0,0.76,0.67,0.76,0.88,#DIV/0!,0.857,0,-0.21,0.00,0.00,1.00,0.50,0.0,0,2
BBSI55773758796915,Terence White-Waters,,Sex 2,,26,12,,22.0,2.65,1.03,2.65,0.26,0.20,0.500,1,0.77,2.04,0.80,0.20,0.20,0.0,0,1
BBSI55773758796915,Terence White-Waters,29.4,Sex 2,1979-01-17,17,7,2008-06-23,33.0,2.54,0.53,2.54,0.15,0.00,0.571,5,0.38,1.40,0.40,0.60,0.20,0.0,0,1
BCZE72883805809349,Dr Irene Owen,,Sex 2,,24,2,,39.0,6.61,1.2,5.28,0.08,0.00,0.538,1,0.9,4.20,0.90,0.10,0.20,0.22,0,1
BDUD78393005374812,Louis Hunt,,Sex 2,,37,19,,6.0,0.00,-0.56,0.00,0.0,#DIV/0!,0.000,0,-0.56,0.00,0.00,1.00,,0.0,0,1
BHMQ89304138302105,Dennis Bennett,,Sex 2,1978-11-11,16,19,,6.0,0.10,-0.52,0.10,0.083,0.00,0.500,0,-0.6,0.00,0.00,1.00,1.00,0.0,0,1
BILX67393930569137,Alexandra Evans-Chandler,,Sex 1,,39,12,,24.0,1.18,0.36,1.18,0.15,0.00,0.400,0,0.22,0.70,0.25,0.75,,0.0,0,1
BIPR71735179111936,Chelsea Sims,,Sex 2,,23,13,,20.0,2.61,0.36,2.61,0.81,#DIV/0!,0.500,0,-0.44,0.00,0.00,1.00,1.00,0.0,15,1
BKKT06039562471570,Mrs Grace Pearson,,Sex 1,,38,4,,38.0,7.34,0.95,7.34,0.38,0.36,0.375,0,0.57,1.78,0.57,0.43,,0.0,6,1
BKZN72903365567473,Terry Stewart,,Sex 1,,12,5,,33.0,2.23,0.64,2.23,0.094,0.00,0.385,1,0.55,1.23,0.57,0.43,0.43,0.0,0,1
BLIU52663446388735,Brandon Johnson-Palmer,,Sex 1,,24,11,,22.0,2.11,0.74,2.11,0.3,0.00,0.583,1,0.44,1.08,0.50,0.50,0.50,0.0,0,1
BLNK97116219062025,Jack Chapman-Jackson,,Sex 1,,27,13,,19.5,3.50,1.21,3.50,0.52,#DIV/0!,0.000,0,0.69,1.75,0.75,0.25,0.50,0.0,11,1
BLZH54952797448572,Sandra Ellis-Hardy,,Sex 2,,6,1,,39.0,13.14,2.02,7.99,0.37,0.33,0.455,2,0.81,3.27,0.82,0.18,0.36,0.86,0,1
BLZH54952797448572,Mrs Hazel Welch,103.8,Sex 2,,8,16,2003-11-03,9.0,0.27,-0.64,0.27,0.36,#DIV/0!,0.000,1,-1.0,0.00,0.00,1.00,1.00,0.0,0,2
BNEY87039901752986,Andrew Matthews,,Sex 1,,15,1,,39.0,7.86,1.66,4.44,0.1,0.00,0.583,4,0.99,3.11,1.00,0.00,0.44,0.57,0,1
BNRX43955915969956,Mrs Sandra Chandler,,Sex 1,,36,17,,12.0,2.52,1.09,2.52,0.49,#DIV/0!,0.333,0,0.6,2.07,0.67,0.33,,0.0,0,1
BQIB27435331043192,Gail Webb-Taylor,,Sex 2,,5,10,,21.0,1.93,0.89,1.93,0.231,#DIV/0!,0.273,3,0.65,1.50,0.75,0.25,1.00,0.0,0,1
BQIB27435331043192,Gail Webb-Taylor,103.8,Sex 2,,8,6,2003-11-03,33.0,3.92,0.92,3.92,0.18,0.17,0.143,3,0.74,2.33,0.75,0.25,0.13,0.0,0,2
BRMI78685475501826,Mrs Megan Edwards,21.7,Sex 1,1983-02-09,10,16,2004-11-01,8.0,2.34,0.76,2.34,0.16,0.00,0.400,0,0.6,2.07,0.67,0.33,0.67,0.0,0,1
BRQR91857861322285,Dr Claire Clark,,Sex 2,,40,19,,35.0,1.28,0.34,1.28,0.05,0.00,0.333,0,0.29,1.17,0.50,0.50,,0.0,29,2
BRQR91857861322285,Dr Claire Clark,30.0,Sex 2,1975-07-13,11,1,2005-06-27,39.0,13.16,1.95,8.01,0.258,0.18,0.692,0,0.83,4.67,0.83,0.17,0.08,0.86,0,1
BSBT98930452335812,Mr Joshua Harris,29.2,Sex 2,1979-03-28,17,6,2008-06-23,36.0,2.34,0.96,2.34,0.07,0.00,0.214,0,0.9,1.70,0.91,0.09,0.36,0.0,0,1
BSDO33495627744892,Kathryn Stevenson,101.5,Sex 1,,3,10,2001-07-11,21.0,1.74,0.72,1.74,0.31,0.00,0.455,0,0.41,0.88,0.50,0.50,0.75,0.0,0,1
BSEF63162224374797,Annette Heath,63.1,Sex 2,1937-01-28,1,16,2000-03-13,3.0,0.00,-0.5,0.00,0.0,#DIV/0!,0.000,0,-0.5,0.00,0.00,1.00,1.00,0.0,0,1
BSTA40261733364600,Dr Annette Chapman,40.2,Sex 1,1964-03-28,9,9,2004-06-26,24.0,3.37,0.99,3.77,0.35,0.25,0.538,1,0.64,1.70,0.67,0.33,0.17,0.0,0,1
BUKD84948478096031,Jane Lloyd,,Sex 2,,16,12,,20.0,1.91,0.71,1.91,0.148,0.00,0.250,1,0.57,1.53,0.60,0.40,0.40,0.0,2,1
BUMU84125227791874,Denis Jones,,Sex 1,,15,13,,12.0,1.27,0.54,1.27,0.3,#DIV/0!,0.286,0,0.24,0.93,0.33,0.67,0.67,0.0,0,1
BVIS79101467357504,Dr Sara Steele,,Sex 1,,16,18,,8.0,2.62,1.19,2.62,0.853,1.00,0.500,0,0.34,1.40,0.50,0.50,0.50,0.0,0,2
BVIS79101467357504,Dr Sara Steele,54.5,Sex 1,1952-08-26,14,4,2007-02-08,38.0,6.93,1.17,6.93,0.38,0.33,0.313,1,0.79,2.49,0.80,0.20,0.40,0.0,4,1
BVNJ07910751053356,Holly Richards-Edwards,38.1,Sex 2,1962-02-07,1,10,2000-03-13,21.0,3.85,1.12,3.85,0.4,0.00,0.545,0,0.72,2.63,0.75,0.25,0.25,0.0,0,1
BVRH05974070767681,Robin Dunn,,Sex 2,,29,5,,37.5,2.30,0.75,2.30,0.1,0.09,0.200,0,0.65,0.93,0.67,0.33,0.50,0.0,1,1
BVTU09247366023009,Mrs Amber Newton,0.0,Sex 2,,32,9,,24.0,3.27,0.84,3.27,0.24,0.00,0.600,1,0.6,2.07,0.67,0.33,0.67,0.0,0,1
BVTU09247366023009,Mrs Amber Newton,,Sex 2,,34,11,,26.0,3.32,1.04,3.32,0.2,0.00,0.600,0,0.84,2.40,0.86,0.14,0.43,0.0,3,2
BVZO78471473007647,Kevin Garner,23.4,Sex 2,1977-05-28,2,4,2000-10-23,39.0,2.35,0.52,2.35,0.08,0.00,0.545,0,0.44,1.38,0.44,0.56,1.00,0.0,0,1
BWAH40930270828931,Mr Gareth Bentley,,Sex 2,,38,16,,35.0,0.00,-0.44,0.00,0.0,0.00,0.000,0,-0.44,0.00,0.00,1.00,,0.0,32,1
BYPD03088924382432,Gail Lee,,Sex 1,,36,14,,19.0,2.23,0.99,2.23,0.44,#DIV/0!,0.400,0,0.55,1.56,0.67,0.33,,0.0,0,1
BYWE24251659490908,Mr Antony Wilson,30.3,Sex 1,1969-11-27,1,5,2000-03-13,36.0,3.30,0.78,3.30,0.13,0.08,0.455,0,0.65,1.44,0.67,0.33,0.44,0.0,0,1
BZSV63756986642481,Mrs Lynne Singh,,Sex 1,,18,14,,9.0,1.53,0.53,1.53,0.23,#DIV/0!,0.250,0,0.3,1.40,0.50,0.50,0.50,0.0,0,1
CDQC41333752046947,Olivia Jones,103.5,Sex 2,,7,4,2003-06-23,37.0,6.06,1.01,6.06,0.317,0.30,0.357,0,0.69,1.96,0.70,0.30,0.30,0.0,0,1
CFTF95145474582007,Duncan Williams,,Sex 1,,21,19,,6.0,0.10,-0.23,0.10,0.47,#DIV/0!,0.500,0,-0.7,0.00,0.00,1.00,1.00,0.0,0,1
CGLS42938917058053,Diane Foster-West,23.2,Sex 1,1981-08-24,10,3,2004-11-01,38.0,8.50,1.25,8.50,0.4,0.40,0.467,5,0.85,3.00,0.86,0.14,0.43,0.0,0,1
CHAM73888216708331,Dr Jeremy Allen,23.6,Sex 1,1977-04-02,2,7,2000-10-23,30.0,3.72,0.77,3.72,0.28,0.20,0.545,0,0.49,1.75,0.50,0.50,1.00,0.0,0,1
CHRS17753091186219,Olivia Smith-Ashton,,Sex 2,,39,14,,19.0,2.03,0.73,2.03,0.43,#DIV/0!,0.444,0,0.31,1.56,0.33,0.67,,0.0,0,1
CIVB04824803715173,Edward Lee,,Sex 1,,36,13,,22.0,1.29,-0.32,1.29,0.45,0.00,0.727,0,-0.77,0.00,0.00,1.00,,0.0,0,1
CKXB66005277347123,Elizabeth Davies,,Sex 2,,4,7,,30.0,4.88,0.93,4.88,0.36,0.33,0.545,3,0.58,1.87,0.60,0.40,0.20,0.0,0,1
COPL86618305770273,Anthony Payne-Taylor,,Sex 1,,28,9,,25.0,2.91,0.84,2.91,0.28,0.00,0.636,0,0.56,1.40,0.60,0.40,0.60,0.0,0,1
COZT67212780805376,Jake Powell,,Sex 2,,39,10,,27.0,4.50,1.09,4.50,0.38,0.33,0.500,0,0.71,2.86,0.71,0.29,,0.0,0,1
CPZU09796035732473,Duncan Simpson,36.1,Sex 2,1970-05-08,13,10,2006-06-26,24.0,2.94,1.05,2.94,0.234,#DIV/0!,0.357,3,0.81,2.33,0.83,0.17,0.33,0.0,0,1
CRCR18452006767678,Dr Albert Singh,,Sex 2,,36,7,,35.0,3.75,0.77,3.75,0.18,0.14,0.308,0,0.59,2.10,0.60,0.40,,0.0,1,1
CREH64194096260268,Darren Graham,,Sex 2,,39,19,,6.0,0.10,-0.23,0.10,0.47,#DIV/0!,0.500,0,-0.7,0.00,0.00,1.00,,0.0,0,1
CRMP50910232193097,Graham Howells,,Sex 2,,4,8,,27.0,2.71,0.84,2.71,0.15,0.00,0.545,2,0.69,1.75,0.75,0.25,0.50,0.0,0,1
CTAQ77403835967779,Ann Smith,105.5,Sex 1,,11,8,2005-06-27,27.0,3.33,1.07,3.33,0.233,0.20,0.308,1,0.83,1.71,0.86,0.14,0.29,0.0,0,1
CULG36791184751352,Ms Sarah Hughes,27.8,Sex 1,1980-09-03,17,12,2008-06-23,21.0,2.21,0.7,2.21,0.13,0.00,0.273,0,0.57,1.87,0.60,0.40,0.40,0.0,0,1
CZWE42898510322599,Adrian Hussain,0.0,Sex 2,,32,4,,37.0,4.38,0.93,4.38,0.16,0.10,0.250,0,0.77,2.42,0.78,0.22,0.22,0.0,0,1
DCOY78772719697760,Beth Evans,,Sex 1,,23,3,,39.0,6.28,0.99,6.28,0.14,0.10,0.571,0,0.85,4.74,0.85,0.15,0.08,0.0,0,1
DDCM81242969336842,Mrs Anne Edwards,,Sex 1,,19,14,,15.0,1.95,1.1,1.95,0.84,#DIV/0!,0.833,1,0.26,1.08,0.50,0.50,0.50,0.0,0,1
DDCM81242969336842,Mr Charlie Bolton,,Sex 1,,25,15,,10.0,2.63,0.69,2.63,0.0,#DIV/0!,0.000,0,0.69,2.63,0.75,0.25,0.75,0.0,0,2
DDOV94984661273792,Dr Antony Young,,Sex 2,,6,15,,6.0,0.27,0.03,0.27,0.65,#DIV/0!,0.667,0,-0.63,0.00,0.00,1.00,-6.00,0.0,0,1
DEPE42473642847529,Ben Watts,,Sex 1,,15,9,,24.0,2.61,0.98,2.61,0.32,0.00,0.636,2,0.66,1.31,0.75,0.25,1.00,0.0,0,1
DFRB93067470081268,Georgina Wells,34.8,Sex 2,1971-08-31,13,11,2006-06-26,24.0,2.80,0.99,2.80,0.181,#DIV/0!,0.214,2,0.81,2.33,0.83,0.17,0.17,0.0,0,1
DGJJ12020777272254,Louise Cook,25.6,Sex 2,1979-12-06,11,2,2005-06-27,39.0,7.39,1.27,6.54,0.134,0.08,0.385,1,1.0,4.67,1.00,0.00,0.17,0.14,0,2
DGJJ12020777272254,Louise Cook,24.9,Sex 2,1979-12-06,10,7,2004-11-01,30.0,2.07,0.72,2.07,0.07,0.00,0.200,0,0.65,1.56,0.67,0.33,0.33,0.0,0,1
DGJJ12020777272254,Louise Cook,,Sex 2,1979-12-06,20,19,,6.0,1.50,0.65,1.50,0.31,#DIV/0!,0.333,0,0.34,1.40,0.50,0.50,0.50,0.0,0,3
DGNU98651468806121,Dorothy Lambert,0.0,Sex 1,,32,10,,22.0,2.32,0.01,2.32,0.61,0.50,0.556,0,-0.6,0.00,0.00,1.00,1.00,0.0,0,1
DJSI56966325230820,Jodie Davies,,Sex 1,,30,7,,32.0,3.33,0.59,3.33,0.23,0.1428571429,0.417,1,0.37,1.17,0.38,0.63,0.25,0.0,0,1
DJXE83670675244887,Ms Alexandra Black,,Sex 2,,30,16,,8.0,0.17,0.11,0.17,0.29,0,0.333,1,-0.18,0.00,0.00,1.00,1.00,0.0,0,1
DMIA75574317849230,Melissa Bailey,,Sex 1,,29,15,,10.5,0.36,0.13,0.36,0.68,#DIV/0!,0.750,0,-0.56,0.00,0.00,1.00,1.00,0.0,1,1
DOJC30394858026482,Julia Arnold,,Sex 1,1959-03-31,20,18,,8.0,0.10,-0.68,0.10,0.22,#DIV/0!,0.250,1,-0.9,0.00,0.00,1.00,1.00,0.0,0,3
DOJC30394858026482,Julia Arnold,49.2,Sex 1,1959-03-31,17,8,2008-06-23,30.0,2.97,0.72,2.97,0.34,0.00,0.769,0,0.38,1.24,0.40,0.60,0.20,0.0,0,1
DOJM64202726541945,Mr Joel Morris,24.1,Sex 1,1981-05-05,11,14,2005-06-27,14.0,2.45,1.12,2.45,0.779,#DIV/0!,0.778,0,0.34,1.56,0.50,0.50,0.50,0.0,0,1
DOMY25451970852908,Dr David Butler,,Sex 1,,19,9,,30.0,2.96,0.71,2.96,0.34,0.25,0.600,2,0.37,1.02,0.40,0.60,0.20,0.0,0,1
DQRB01701898896911,Dr Alice Sutton,,Sex 1,,38,2,,39.0,10.58,1.24,8.73,0.26,0.23,0.333,0,0.67,4.67,0.67,0.33,,0.3076923077,0,1
DRWN18270822960621,Mitchell Taylor,31.1,Sex 1,1973-05-13,9,16,2004-06-26,7.0,0.25,0.02,0.25,0.17,0.00,0.500,0,-0.15,0.00,0.00,1.00,0.50,0.0,0,1
DTCJ86203546354645,Jenna Williams,,Sex 2,,25,12,,16.0,2.02,0.48,2.02,0.16,#DIV/0!,0.125,2,0.32,1.75,0.50,0.50,0.50,0.0,0,1
DTLE81861401130529,Ms Jessica Mason,,Sex 2,1984-05-11,18,11,,18.0,3.42,1.19,3.22,0.33,#DIV/0!,0.400,0,0.71,2.63,0.75,0.25,0.50,0.0,0,1
DULH87116177724012,Liam Holt-Smith,29.6,Sex 1,1976-11-23,13,12,2006-06-26,21.0,2.13,0.86,2.13,0.412,#DIV/0!,0.417,1,0.44,1.27,0.50,0.50,0.25,0.0,0,1
DVOL42936560520943,Owen Harris,,Sex 2,,4,13,,12.0,1.40,0.64,1.40,0.0,#DIV/0!,0.000,0,0.64,1.40,0.75,0.25,1.00,0.0,0,1
DVPR11096035112292,Marian Dawson,,Sex 2,,39,3,,39.0,5.70,1.1,5.70,0.33,0.33,0.364,1,0.77,2.18,0.78,0.22,,0.0,0,1
EALE54359195120536,Leah Shah,63.5,Sex 1,1942-01-07,11,18,2005-06-27,3.0,0.11,-0.39,0.11,0.5,#DIV/0!,0.500,0,-0.89,0.00,0.00,1.00,1.00,0.0,0,1
EBZB62780213486659,Brandon Law,,Sex 2,,29,2,,39.5,6.15,1.04,4.65,0.1,0.08,0.200,0,0.69,3.23,0.69,0.31,0.23,0.25,2,1
EDOD77359186104052,Mr Mohamed Ellis,,Sex 2,,30,2,,39.0,7.10,1.21,6.35,0.28,0.1818181818,0.462,0,0.81,2.55,0.82,0.18,0.36,0.125,0,1
EERR22247716169517,Mr Wayne Hunter,,Sex 2,,15,3,,39.0,12.13,1.46,11.27,0.32,0.27,0.583,2,1.0,7.00,1.00,0.00,0.00,0.14,0,1
EERR22247716169517,Mr Wayne Hunter,,Sex 2,,16,2,,39.0,11.60,1.54,9.35,0.24,0.20,0.429,0,0.92,6.46,0.92,0.08,0.08,0.38,2,2
EERR22247716169517,Mr Wayne Hunter,,Sex 2,,20,9,,30.0,2.70,0.83,2.70,0.28,0.00,0.533,0,0.55,1.14,0.57,0.43,0.43,0.0,0,2
EGIX23646177891119,Mrs Ruth Watts,,Sex 2,,19,18,,6.0,0.00,-0.19,0.00,0.0,#DIV/0!,0.000,0,-0.19,0.00,0.00,1.00,0.50,0.0,0,1
EJAS64439817153628,Dr Vincent Frost,,Sex 2,,25,14,,12.0,0.52,-0.53,0.52,0.47,#DIV/0!,0.400,1,-1.0,0.00,#DIV/0!,#DIV/0!,#DIV/0!,0.0,0,1
EJMF10881106099896,Susan Leach,,Sex 2,,36,11,,27.0,1.78,0.72,1.78,0.09,0.00,0.231,1,0.64,1.33,0.67,0.33,,0.0,0,1
EJPM01524637904605,Liam Morgan,,Sex 2,,20,17,,11.0,2.89,0.94,2.89,0.31,#DIV/0!,0.333,1,0.63,2.67,0.67,0.33,0.33,0.0,0,3
EJPM01524637904605,Liam Morgan,,Sex 2,,34,6,,36.0,4.37,0.58,4.37,0.08,0.00,0.385,2,0.5,3.50,0.50,0.50,0.50,0.0,0,4
EJPM01524637904605,Liam Morgan,,Sex 2,,16,3,,38.0,4.02,0.9,4.02,0.054,0.00,0.357,1,0.84,3.38,0.85,0.15,0.23,0.0,3,2
EJPM01524637904605,Liam Morgan,,Sex 2,,12,4,,36.0,4.82,0.91,4.82,0.135,0.11,0.308,3,0.77,3.11,0.78,0.22,0.22,0.0,0,1
EJRI51408628744497,Joyce Watson-Elliott,33.3,Sex 1,1971-02-19,9,13,2004-06-26,12.0,0.25,0.82,2.35,0.12,0.00,0.250,1,0.7,2.10,0.75,0.25,0.25,0.0,0,1
EKLU09964683659301,Mr Glenn Lawrence,,Sex 1,,21,16,,14.0,2.34,1.05,2.34,0.34,#DIV/0!,0.333,0,0.71,2.10,0.75,0.25,0.25,0.0,0,1
EKQT97265450310360,Arthur Jones-Fleming,,Sex 2,,5,9,,24.0,4.14,1.22,4.14,0.444,#DIV/0!,0.500,2,0.78,3.20,0.80,0.20,0.20,0.0,0,1
ELBX10638569998561,Patrick Stone-Harrison,,Sex 1,,30,6,,35.0,2.32,0.65,2.32,0.1,0,0.385,2,0.54,1.20,0.56,0.44,0.44,0.0,0,1
ELCA98324631832984,Janice Harrison,,Sex 1,,39,2,,39.0,8.29,1.09,7.09,0.22,0.22,0.273,1,0.67,4.67,0.67,0.33,,0.2,0,1
ELUY21481757433388,Helen Barrett,,Sex 2,,24,17,,5.0,0.00,-0.75,0.00,0.0,#DIV/0!,0.000,0,-0.75,0.00,0.00,1.00,1.00,0.0,0,1
ENHC76445971816284,Emma Edwards,,Sex 2,,39,9,,30.0,4.01,0.72,4.01,0.15,0.00,0.600,0,0.57,3.20,0.57,0.43,,0.0,0,1
EQMR58673910671522,Dr Judith Smith,,Sex 2,,30,12,,19.0,1.78,0.51,1.78,0.23,0,0.333,1,0.28,1.17,0.33,0.67,0.33,0.0,0,1
ERTS74269958919246,Miss Kathleen Scott,,Sex 2,,33,10,,30.0,2.34,0.59,2.34,0.09,0.00,0.231,1,0.49,1.75,0.50,0.50,0.25,0.0,0,1
ETGD38365435361584,Clifford Smith,,Sex 2,,39,4,,38.0,5.61,0.84,5.61,0.17,0.11,0.636,3,0.67,3.73,0.67,0.33,,0.0,0,1
ETOX85559112874698,Gary Walker,,Sex 2,,34,3,,39.0,4.75,0.79,4.75,0.13,0.10,0.231,2,0.67,3.11,0.67,0.33,0.50,0.0,0,2
ETOX85559112874698,Gary Walker,,Sex 1,,24,8,,30.0,5.32,0.99,5.32,0.43,0.33,0.692,0,0.56,2.00,0.57,0.43,0.29,0.0,0,1
ETPK78417157799045,Vincent Wheeler,,Sex 1,,27,7,,36.5,2.43,0.73,2.43,0.07,0.00,0.429,0,0.66,1.87,0.67,0.33,0.25,0.0,1,1
ETVK30659600096519,Connor Brown,,Sex 2,,21,12,,22.0,1.79,0.69,1.79,0.26,0.00,0.750,0,0.43,1.00,0.50,0.50,0.50,0.0,0,1
EUCW19014055937934,Ellie Humphreys,,Sex 2,,21,8,,28.0,2.20,0.79,2.20,0.09,0.00,0.364,1,0.7,1.67,0.83,0.17,0.17,0.0,0,1
EUDW65994035842240,Edward Adams,,Sex 2,,33,16,,15.0,1.17,0.72,1.17,0.31,#DIV/0!,0.333,0,0.41,0.93,0.50,0.50,1.00,0.0,0,1
EUGK30897336512770,Mr Guy Morgan,23.7,Sex 1,1976-06-15,1,12,2000-03-13,15.0,2.95,1.01,2.95,0.41,#DIV/0!,0.444,1,0.6,2.33,0.67,0.33,0.33,0.0,0,1
EVPW34323868423540,Dr Kevin Powell,,Sex 1,,28,8,,28.0,2.43,0.56,2.43,0.26,0.00,0.583,0,0.3,0.72,0.33,0.67,0.67,0.0,0,1
EVRZ70483774653089,Mr Frederick Barnes,,Sex 2,,16,6,,33.0,4.25,0.74,4.25,0.245,0.17,0.538,0,0.49,2.33,0.50,0.50,0.17,0.0,1,1
EVZB11785317129252,Maurice Robertson,43.0,Sex 1,1958-07-22,3,7,2001-07-11,30.0,2.33,0.6,2.33,0.193,0.00,0.583,0,0.41,0.92,0.43,0.57,0.57,0.0,0,1
EWKK99024878624429,Ms Sheila Sinclair,,Sex 1,,21,17,,11.0,2.19,0.85,2.19,0.25,#DIV/0!,0.250,0,0.6,2.07,0.67,0.33,0.33,0.0,0,1
EXJL12607256647395,Mrs Helen Webster,,Sex 2,,36,16,,14.0,1.38,0.58,1.38,0.14,#DIV/0!,0.143,0,0.45,1.27,0.50,0.50,,0.0,0,1
EZOD02436285322623,Dr Karen Mann,,Sex 1,,36,6,,36.0,4.17,0.86,4.17,0.2,0.13,0.429,0,0.66,2.07,0.67,0.33,,0.0,1,1
EZVI02603407226990,Elaine Fletcher-Singh,0.0,Sex 1,,32,6,,32.0,2.82,0.46,2.82,0.22,0.14,0.364,1,0.24,0.78,0.25,0.75,0.25,0.0,0,1
FAED08127145944312,Dr Ross Browne,,Sex 1,1974-04-01,20,5,,37.0,2.72,0.59,2.72,0.15,0.00,0.533,1,0.45,1.16,0.45,0.55,0.27,0.0,0,2
FAED08127145944312,Dr Ross Browne,26.6,Sex 1,1974-04-01,2,2,2000-10-23,42.0,13.49,1.95,10.92,0.62,0.64,0.455,0,0.9,2.83,0.91,0.09,0.73,0.43,0,1
FAED08127145944312,Dr Ross Browne,29.6,Sex 1,1974-04-01,8,12,2003-11-03,19.0,2.56,0.75,2.56,0.41,#DIV/0!,0.167,1,0.33,1.75,0.50,0.50,1.00,0.0,0,2
FBCC48528910552226,Mrs Tracy Davison,,Sex 2,,36,12,,25.0,2.57,0.92,2.57,0.28,0.00,0.545,0,0.64,1.56,0.67,0.33,,0.0,0,1
FDBA76585025997644,Mr Clive Tomlinson,,Sex 2,,27,17,,9.5,0.50,0.05,0.50,0.31,#DIV/0!,0.000,0,-0.26,0.00,0.00,1.00,1.00,0.0,6,1
FEEM90812534613776,Joyce Hartley,,Sex 1,,22,2,,39.0,2.54,1.08,1.87,0.06,0.00,0.571,0,0.91,1.23,0.92,0.08,0.54,0.11,0,1
FEEM90812534613776,Joyce Hartley,,Sex 1,,26,10,,28.0,3.18,0.91,3.18,0.2,0.00,0.583,1,0.7,2.22,0.71,0.29,0.29,0.0,0,2
FERW38705820874401,Debra Murphy,104.5,Sex 2,,9,15,2004-06-26,7.0,0.24,0.34,0.24,0.49,#DIV/0!,0.500,0,-0.15,0.00,0.00,1.00,0.50,0.0,0,1
FEYS99452628056985,George Conway,,Sex 2,,36,20,,3.0,0.00,-0.89,0.00,0.0,#DIV/0!,0.000,0,-0.89,0.00,0.00,1.00,,0.0,0,1
FFWM63257782485467,Justin Short,,Sex 2,,12,13,,11.0,2.55,0.86,2.55,0.315,0.00,0.429,0,0.55,1.87,0.67,0.33,0.67,0.0,0,1
FFYK89914692037020,Toby Hewitt,,Sex 2,,26,16,,10.0,1.97,0.73,1.97,0.14,#DIV/0!,0.167,1,0.59,1.87,0.67,0.33,0.33,0.0,0,1
FHFD10584183590364,Shirley Haynes,,Sex 2,,15,4,,39.0,6.08,1.0,6.08,0.22,0.18,0.500,4,0.77,3.11,0.78,0.22,0.11,0.0,0,1
FKBU25199580045204,Lewis Williams-Ellis,,Sex 1,,25,10,,22.0,3.22,0.94,3.22,0.23,0.00,0.333,0,0.71,2.33,0.75,0.25,0.25,0.0,0,1
FKWB72510780752839,Miss Caroline Thomas,,Sex 1,,22,7,,36.0,4.00,0.99,3.75,0.34,0.00,0.429,0,0.65,1.87,0.67,0.33,0.17,0.0,14,1
FLHA55091999573582,Antony Barker,,Sex 1,,28,18,,3.0,0.00,-0.67,0.00,0.0,#DIV/0!,0.000,0,-0.67,0.00,0.00,1.00,1.00,0.0,0,1
FMKH74258529909860,Miss Beth Kay,0.0,Sex 1,,31,2,,39.0,5.15,0.9,5.15,0.26,0.23,0.364,1,0.64,1.20,0.64,0.36,0.50,0.0,0,2
FMKH74258529909860,Miss Beth Kay,,Sex 1,,28,4,,37.0,5.58,0.86,5.58,0.37,0.33,0.385,0,0.49,1.17,0.50,0.50,0.42,0.0,0,1
FOIC23924141529867,Barry Thompson,,Sex 1,,18,12,,15.0,2.67,1.06,2.67,0.43,#DIV/0!,0.500,1,0.59,2.07,0.67,0.33,0.33,0.0,0,1
FOQL95539592374107,Danny Perry-Swift,,Sex 2,,6,8,,27.0,4.05,1.07,4.39,0.3,0.20,0.545,1,0.81,2.33,0.83,0.17,-0.17,0.0,0,1
FOTH54107129154111,Lynne Lee-Baker,101.5,Sex 2,,3,16,2001-07-11,3.0,0.00,-0.75,0.00,0.0,#DIV/0!,0.000,0,-0.75,0.00,0.00,1.00,1.00,0.0,0,1
FPGP46043707212966,Heather Singh,,Sex 1,,6,4,,37.0,3.05,0.76,3.05,0.07,0.00,0.455,0,0.69,2.18,0.70,0.30,0.30,0.0,0,1
FQVZ88012758177225,Damian Fox,,Sex 1,,26,9,,30.0,3.23,0.71,3.23,0.22,0.00,0.750,0,0.49,2.00,0.50,0.50,0.33,0.0,0,2
FQVZ88012758177225,Damian Fox,,Sex 1,,34,17,,11.0,2.49,1.0,2.49,0.39,1.00,0.250,0,0.61,2.07,0.67,0.33,0.33,0.0,0,3
FQVZ88012758177225,Damian Fox,,Sex 1,,25,4,,38.0,7.31,1.13,7.31,0.39,0.36,0.545,0,0.74,2.10,0.75,0.25,0.25,0.0,0,1
FRTH39199961404572,Roger Thorpe,103.5,Sex 1,,7,15,2003-06-23,7.0,1.57,0.59,1.57,0.289,#DIV/0!,0.250,0,0.3,1.40,0.50,0.50,1.00,0.0,0,1
FSUO39775465374200,Mr Anthony Smith,,Sex 1,,5,5,,36.0,5.37,1.15,5.37,0.314,0.25,0.500,0,0.84,2.18,0.86,0.14,0.57,0.0,0,1
FTMF36932305239325,Irene Sutton,,Sex 2,,21,4,,38.0,4.74,0.98,4.74,0.15,0.10,0.455,0,0.83,2.92,0.83,0.17,0.33,0.0,0,1
FTRZ79817563412616,Dr Nicole O'Sullivan,,Sex 1,,33,6,,36.0,4.68,0.65,4.68,0.36,0.33,0.385,1,0.29,0.65,0.30,0.70,0.40,0.0,0,1
FTUJ98320108673675,Dr Marc Robinson,,Sex 1,,19,5,,37.0,4.97,1.18,4.97,0.26,0.25,0.182,0,0.92,2.35,0.92,0.08,0.23,0.0,0,1
FTWE38982560158865,Kieran Bell,,Sex 2,,24,5,,37.0,3.97,0.83,3.97,0.14,0.09,0.385,0,0.69,2.18,0.70,0.30,0.20,0.0,0,1
FUMD99362646854288,Kathryn Hill,,Sex 2,,5,13,,12.0,1.37,0.56,1.37,0.309,#DIV/0!,0.286,0,0.25,1.04,0.33,0.67,0.67,0.0,0,1
FVGO88319082162071,Abbie Bentley,,Sex 2,,36,8,,32.0,5.37,1.13,5.37,0.39,0.33,0.500,2,0.74,2.33,0.75,0.25,,0.0,0,1
FVIE76777754148276,Ms Brenda Lloyd,42.4,Sex 2,1963-01-19,11,4,2005-06-27,37.0,2.07,0.92,2.07,0.02,0.00,0.154,4,0.9,1.82,0.91,0.09,0.45,0.0,0,1
FVNJ14928218951496,Debra Harrison,27.7,Sex 1,1977-03-04,10,11,2004-11-01,15.0,2.02,0.57,2.02,0.15,0.00,0.300,0,0.41,1.50,0.43,0.57,0.29,0.0,0,1
FVOH35942354580587,Dr Jenna Turner,,Sex 1,,29,9,,26.5,3.51,0.69,3.51,0.2,0.00,0.444,0,0.49,2.33,0.50,0.50,0.33,0.0,1,1
FVUF77898917375789,Toby Norris,,Sex 1,,29,8,,29.5,3.22,0.51,3.22,0.35,0.17,0.889,0,0.16,0.40,0.20,0.80,0.40,0.0,0,1
FWVD31670988615286,Gregory Allen,,Sex 2,,12,8,,24.0,1.93,0.39,1.93,0.231,0.00,0.583,0,0.16,0.47,0.20,0.80,0.40,0.0,1,1
FWVI11172443646910,William Harvey,,Sex 2,,18,15,,6.0,0.13,-0.41,0.13,0.47,#DIV/0!,0.500,0,-0.88,0.00,0.00,1.00,1.00,0.0,0,1
FXLI48342840767376,Mrs Kathleen Rees,,Sex 2,,34,4,,38.0,3.23,0.83,3.23,0.14,0.12,0.385,0,0.69,1.38,0.69,0.31,0.62,0.0,0,2
FXLI48342840767376,Mrs Kathleen Rees,0.0,Sex 1,,32,3,,39.0,5.05,0.78,5.05,0.23,0.18,0.500,1,0.55,1.94,0.56,0.44,0.33,0.0,0,1
FYWC67050919337316,Mrs Katherine Bevan,,Sex 1,,16,16,,14.0,1.14,0.37,1.14,0.109,0.00,0.250,0,0.26,0.93,0.33,0.67,0.33,0.0,0,1
FYYU79166608342362,Katy Jones,,Sex 2,,24,1,,39.0,14.35,2.11,9.68,0.44,0.42,0.538,0,0.9,3.60,0.90,0.10,0.20,0.78,0,1
FYYU79166608342362,Katy Jones,,Sex 2,,40,9,,35.0,3.17,0.74,3.17,0.26,0.17,0.455,0,0.48,1.08,0.50,0.50,,0.0,6,2
FZBP03245289411590,Sian Chan,,Sex 2,,16,13,,19.0,3.44,1.31,3.44,0.732,1.00,0.545,0,0.58,1.70,0.67,0.33,0.33,0.0,4,1
FZFF64417444734399,Claire Fisher,,Sex 1,,33,12,,25.0,1.49,0.44,1.49,0.23,0.00,0.455,0,0.21,0.64,0.25,0.75,0.25,0.0,0,1
GBAT67760647657802,Bruce Sims,,Sex 1,,21,3,,39.0,6.70,1.04,6.70,0.14,0.10,0.455,1,0.9,5.04,0.90,0.10,0.30,0.0,0,1
GBTA43058699704928,Denis Dodd,22.7,Sex 1,1981-09-26,9,11,2004-06-26,18.0,3.62,0.88,2.65,0.67,1.00,0.500,0,0.21,0.78,0.25,0.75,0.25,0.0,0,1
GDRG53594696040981,Victor Parkinson,,Sex 2,1961-12-26,27,4,,38.5,2.99,0.76,2.99,0.22,0.00,0.429,1,0.54,1.11,0.56,0.44,0.33,0.0,12,3
GDRG53594696040981,Victor Parkinson,41.9,Sex 2,1961-12-26,8,18,2003-11-03,3.0,0.00,-0.67,0.00,0.0,#DIV/0!,0.000,0,-0.67,0.00,0.00,1.00,1.00,0.0,0,2
GDRG53594696040981,Victor Parkinson,38.8,Sex 2,1961-12-26,2,1,2000-10-23,42.0,11.02,1.62,7.59,0.05,0.00,0.364,0,1.0,7.00,1.00,0.00,0.64,0.57,0,1
GEPF60149364520203,Hayley Davis,,Sex 1,,4,12,,15.0,0.96,-0.22,0.96,0.66,#DIV/0!,0.750,1,-0.88,0.00,0.00,1.00,1.00,0.0,0,1
GFCY51241877346920,Frances Dixon,23.2,Sex 1,1981-09-05,10,20,2004-11-01,2.0,#DIV/0!,0.0,#DIV/0!,0.0,0.00,#DIV/0!,0,0.0,#DIV/0!,#DIV/0!,#DIV/0!,#DIV/0!,0.0,0,1
GGTT32931063004412,Adam Butler,,Sex 1,1956-01-17,4,16,,3.0,0.00,-0.63,0.00,0.0,#DIV/0!,0.000,0,-0.63,0.00,0.00,1.00,1.00,0.0,0,1
GIBK27884865859671,Joyce Jones,27.9,Sex 1,1972-04-13,1,11,2000-03-13,18.0,3.23,1.03,3.23,0.43,#DIV/0!,0.455,1,0.6,2.33,0.67,0.33,0.33,0.0,0,1
GJBK84776489705612,Mr Douglas Harris,101.5,Sex 2,,3,13,2001-07-11,12.0,0.27,0.13,0.27,0.259,#DIV/0!,0.286,2,-0.13,0.00,0.00,1.00,0.50,0.0,0,1
GJSN32044740368651,Mr Abdul Lawson,72.1,Sex 1,1928-01-20,1,3,2000-03-13,38.0,3.74,1.0,3.74,0.1,0.07,0.364,3,0.9,2.12,0.91,0.09,0.45,0.0,0,1
GJSN32044740368651,Mr Abdul Lawson,75.8,Sex 1,1928-01-20,8,17,2003-11-03,6.0,2.20,0.72,2.20,0.35,#DIV/0!,0.333,0,0.36,2.00,0.50,0.50,0.50,0.0,0,2
GKST70883799632487,Nathan Brady,,Sex 1,,35,3,,39.0,6.05,0.84,5.30,0.04,0.00,0.143,1,0.67,4.67,0.67,0.33,0.08,0.125,0,1
GKVU18122642678726,Lynne Bailey-Wallace,,Sex 1,,21,2,,39.0,11.51,1.72,8.84,0.28,0.20,0.727,1,1.0,5.60,1.00,0.00,0.30,0.444,0,1
GKYY91675851855803,Abigail Turner,,Sex 1,1981-08-23,16,9,,27.0,2.77,1.04,2.77,0.185,0.00,0.462,0,0.86,1.88,0.88,0.13,0.50,0.0,3,2
GKYY91675851855803,Abigail Turner,,Sex 2,,34,12,,24.0,3.01,0.98,3.01,0.27,0.00,0.600,0,0.71,1.91,0.75,0.25,0.25,0.0,0,4
GKYY91675851855803,Abigail Turner,24.8,Sex 1,1981-08-23,13,2,2006-06-26,39.0,14.96,1.98,12.30,0.74,0.75,0.643,0,0.8,4.48,0.80,0.20,0.10,0.44,0,1
GKYY91675851855803,Abigail Turner,,Sex 1,,23,4,,38.0,6.27,0.92,6.27,0.7,0.56,0.429,0,0.22,0.33,0.25,0.75,0.38,0.0,15,3
GNCL09416833696110,Leigh Cunningham,,Sex 1,,37,9,,30.0,2.30,0.61,2.30,0.13,0.00,0.364,2,0.48,1.40,0.50,0.50,,0.0,2,1
GNDC99657413933596,Ms Carolyn Gallagher,,Sex 2,,37,13,,20.0,1.62,0.72,1.62,0.22,0.00,0.375,1,0.51,1.10,0.67,0.33,,0.0,0,1
GNWY21556896418808,Mrs Grace Wood,,Sex 2,,30,15,,11.0,0.18,-0.16,0.18,0.17,0,0.000,2,-0.33,0.00,0.00,1.00,1.00,0.0,0,1
GOTT55853341837042,Martyn Lee-Ahmed,,Sex 1,,20,12,,21.0,1.68,0.5,1.68,0.28,0.00,0.500,0,0.22,0.88,0.25,0.75,0.25,0.0,0,2
GOTT55853341837042,Martyn Lee-Ahmed,,Sex 1,,18,5,,36.0,3.46,0.74,3.39,0.18,0.13,0.417,1,0.55,1.60,0.57,0.43,0.43,0.0,2,1
GOTT55853341837042,Martyn Lee-Ahmed,,Sex 1,,23,2,,39.0,10.55,1.47,8.55,0.13,0.10,0.571,0,1.0,7.00,1.00,0.00,0.00,0.33,0,1
GOVS50913174224794,Mr Karl Robinson,,Sex 2,,37,16,,11.0,2.21,0.79,2.21,0.39,#DIV/0!,0.500,1,0.4,2.00,0.50,0.50,,0.0,0,1
GQOH98304631973258,Mr Joel Lambert,42.6,Sex 1,1961-04-08,8,14,2003-11-03,15.0,0.56,-0.51,0.56,0.34,#DIV/0!,0.125,1,-0.86,0.00,0.00,1.00,1.00,0.0,0,2
GQOH98304631973258,Mr Joel Lambert,38.9,Sex 1,1961-04-08,1,1,2000-03-13,39.0,7.84,1.59,4.41,0.12,0.07,0.455,0,0.9,2.55,0.91,0.09,0.36,0.5714285714,0,1
GQTA95854446064804,Phillip Nixon,,Sex 2,,21,20,,3.0,0.00,-0.9,0.00,0.0,#DIV/0!,0.000,0,-0.9,0.00,0.00,1.00,1.00,0.0,0,1
GRRE83615318544259,Zoe Bray,,Sex 2,,33,17,,12.0,1.79,0.72,1.79,0.41,#DIV/0!,0.400,0,0.31,1.56,0.33,0.67,0.33,0.0,0,1
GRTI29328146281982,Glenn Byrne,,Sex 2,,33,19,,7.0,0.10,-0.23,0.10,0.47,#DIV/0!,0.500,0,-0.7,0.00,0.00,1.00,1.00,0.0,0,1
GSPV16471129372914,Rosie Mills,,Sex 2,,33,20,,4.0,0.00,-0.5,0.00,0.0,#DIV/0!,0.000,0,-0.5,0.00,0.00,1.00,1.00,0.0,0,1
GTXS42720020862233,Dr Michelle Davey,,Sex 2,,27,18,,7.5,1.04,0.27,1.04,0.0,#DIV/0!,0.000,0,0.27,1.04,0.33,0.67,0.33,0.0,1,1
GVSY40971187105256,Iain Jenkins,27.6,Sex 2,1972-08-11,1,14,2000-03-13,9.0,0.29,0.22,0.29,0.42,#DIV/0!,0.400,0,-0.2,0.00,0.00,1.00,1.00,0.0,0,1
GXZB17936319008095,Barry Ingram,,Sex 1,,21,18,,8.0,1.28,0.63,1.28,0.34,#DIV/0!,0.333,0,0.29,1.17,0.50,0.50,0.50,0.0,0,1
GYGV43838904548059,Maurice Bennett,,Sex 2,,5,7,,30.0,3.17,0.85,3.17,0.154,0.00,0.500,1,0.7,2.22,0.71,0.29,0.43,0.0,0,1
HAKJ63586620786361,Elliott Sims,,Sex 2,,30,18,,3.0,0.00,-0.67,0.00,0.0,0,0.000,0,-0.67,0.00,0.00,1.00,1.00,0.0,0,1
HCMR25630029271308,Mohammed Gardiner,,Sex 1,,38,1,,39.0,8.79,1.85,4.63,0.39,0.40,0.250,0,0.77,2.49,0.80,0.20,,0.6923076923,27,1
HFTZ93156378441310,Dr Tom Moore,,Sex 2,,20,8,,31.0,4.17,0.91,4.17,0.29,0.22,0.467,0,0.62,1.94,0.63,0.38,0.13,0.0,0,3
HFTZ93156378441310,Fiona Lloyd-Patel,,Sex 2,,27,16,,11.5,1.25,0.03,1.25,0.63,#DIV/0!,#DIV/0!,0,-0.6,0.00,0.00,1.00,1.00,0.0,10,3
HFTZ93156378441310,Dr Tom Moore,23.6,Sex 2,1982-11-12,13,8,2006-06-26,30.0,3.02,0.92,3.02,0.223,0.00,0.429,2,0.7,2.00,0.71,0.29,0.29,0.0,5,1
HHDT66727319916031,Chloe Moran,,Sex 1,,39,20,,3.0,0.00,-0.78,0.00,0.0,#DIV/0!,0.000,0,-0.78,0.00,0.00,1.00,,0.0,0,1
HITN25225734112940,Dr Fiona Robinson,35.7,Sex 1,1968-10-30,9,10,2004-06-26,21.0,1.43,0.95,1.95,0.16,0.00,0.308,0,0.78,1.30,0.83,0.17,1.00,0.0,0,1
HJKM31917817801576,Martyn Evans-Wilson,41.7,Sex 2,1962-10-12,9,2,2004-06-26,39.0,7.39,1.44,5.14,0.16,0.08,0.500,0,0.99,2.80,1.00,0.00,0.45,0.29,0,1
HJPH57068384454635,Jonathan Brooks-Lowe,,Sex 2,,23,9,,28.0,2.82,0.69,2.82,0.26,0.20,0.429,0,0.43,1.13,0.44,0.56,0.11,0.0,1,1
HPYF96674386757550,Gerald Harris,35.2,Sex 2,1971-04-18,13,14,2006-06-26,15.0,2.67,0.98,2.67,0.279,#DIV/0!,0.250,1,0.71,2.33,0.75,0.25,0.50,0.0,0,1
HRJQ42987568055712,Leah Naylor-Robinson,27.4,Sex 2,1979-01-22,13,13,2006-06-26,18.0,1.75,0.77,1.75,0.521,#DIV/0!,0.500,1,0.25,0.93,0.33,0.67,0.33,0.0,0,1
HTZG25713538863591,Arthur Elliott,28.9,Sex 2,1974-07-30,7,1,2003-06-23,39.0,11.98,1.76,6.83,0.072,0.00,0.429,2,0.83,5.83,0.83,0.17,0.08,0.86,0,1
HTZG25713538863591,Arthur Elliott,,Sex 1,,34,15,,16.0,1.51,0.61,1.51,0.24,#DIV/0!,0.143,1,0.38,1.24,0.40,0.60,0.40,0.0,0,3
HTZG25713538863591,Arthur Elliott,,Sex 2,,40,15,,16.0,4.04,0.95,4.04,0.3,#DIV/0!,0.286,4,0.65,3.73,0.67,0.33,,0.0,0,4
HTZG25713538863591,Arthur Elliott,,Sex 2,1974-07-30,20,1,,39.0,8.89,1.48,4.89,0.06,0.00,0.333,6,0.75,4.20,0.75,0.25,0.17,0.67,0,2
HVDG98729002517254,Dr Frank Khan,,Sex 2,,29,12,,18.5,1.66,0.54,1.66,0.38,0.00,0.500,2,-0.28,0.78,1.00,0.00,1.00,0.0,0,1
HVEM97881147338642,Alice Lee,,Sex 2,,35,13,,16.0,2.43,0.67,2.43,0.2,#DIV/0!,0.100,0,0.46,2.00,0.50,0.50,0.25,0.0,0,1
HVJF53437980090937,Shannon Fisher,21.7,Sex 2,1983-10-29,11,16,2005-06-27,8.0,1.38,0.45,1.38,0.154,#DIV/0!,0.167,1,0.29,1.27,0.50,0.50,0.50,0.0,0,1
HVTF27943216809028,Mrs Leanne Francis,22.5,Sex 1,1983-01-08,11,3,2005-06-27,38.0,8.90,1.25,8.90,0.331,0.33,0.308,1,0.91,4.28,0.92,0.08,0.17,0.0,0,1
HXJB83652225323391,Miss Emily Mitchell,,Sex 1,,33,9,,33.0,2.76,0.75,2.76,0.2,0.00,0.538,1,0.55,1.14,0.57,0.43,0.29,0.0,0,1
HXJB83652225323391,Miss Emily Mitchell,,Sex 1,,34,10,,29.0,2.24,0.69,2.24,0.22,0.00,0.583,0,0.47,0.93,0.50,0.50,0.50,0.0,0,2
HXRN80549859662073,Rebecca Page,,Sex 2,,35,18,,3.0,0.08,-0.58,0.08,0.25,#DIV/0!,0.000,0,-0.83,0.00,0.00,1.00,1.00,0.0,0,1
HZBH61934389483789,Mrs Hilary Richards,46.9,Sex 1,1958-08-21,11,7,2005-06-27,30.0,3.40,0.89,3.40,0.232,0.17,0.385,0,0.65,1.56,0.67,0.33,0.22,0.0,0,1
IDSX55243800356316,Marc Evans,56.9,Sex 1,1947-11-30,10,14,2004-11-01,12.0,0.55,-0.64,0.55,0.25,0.00,0.500,4,-0.89,0.00,0.00,1.00,1.00,0.0,0,1
IEHQ68757794897569,Alex Williams,,Sex 1,,35,5,,37.0,2.48,0.46,2.48,0.1,0.00,0.500,3,0.37,1.17,0.38,0.63,0.50,0.0,0,1
IEIV70337148677889,Zoe Foster,,Sex 1,,36,19,,6.0,0.00,-0.63,0.00,0.0,#DIV/0!,0.000,0,-0.63,0.00,0.00,1.00,,0.0,1,1
IEZD67153239436540,Dr Carole Woods,,Sex 2,1978-04-07,15,5,,36.0,4.75,0.81,4.75,0.32,0.33,0.250,0,0.49,1.17,0.50,0.50,0.50,0.0,0,1
IEZD67153239436540,Dr Carole Woods,-78.3,Sex 2,1978-04-07,31,18,,9.0,2.33,0.61,2.33,0.0,#DIV/0!,0.000,0,0.61,2.33,0.67,0.33,0.33,0.0,0,2
IFAT77465737222843,Jane Parsons,,Sex 2,,12,16,,3.0,0.00,-0.75,0.00,0.0,#DIV/0!,0.000,0,-0.75,0.00,0.00,1.00,1.00,0.0,0,1
ILTY27716076028476,Brandon Young,49.8,Sex 2,1954-01-06,8,8,2003-11-03,28.0,3.41,0.92,3.41,0.36,0.50,0.143,1,0.56,1.68,0.60,0.40,0.20,0.0,0,2
ILTY27716076028476,Brandon Young,,Sex 2,1954-01-06,4,3,,38.0,6.69,1.03,6.69,0.34,0.27,0.727,0,0.69,2.18,0.70,0.30,0.30,0.0,0,1
ILWX04642058914158,Caroline Jones,101.5,Sex 1,,3,12,2001-07-11,15.0,2.26,1.05,2.26,0.513,#DIV/0!,0.556,0,0.54,1.56,0.67,0.33,0.67,0.0,0,1
INRB96084744556420,Dr Christopher Ellis,,Sex 2,,37,14,,17.0,2.14,0.92,2.14,0.42,#DIV/0!,0.222,0,0.5,1.44,0.67,0.33,,0.0,0,1
IPOY57351615662290,Billy Bird,23.8,Sex 2,1982-09-21,13,6,2006-06-26,36.0,4.65,0.95,4.65,0.257,0.17,0.286,2,0.69,2.45,0.70,0.30,0.10,0.0,0,1
IPOY57351615662290,Billy Bird,,Sex 2,1982-09-21,20,2,,39.0,8.63,1.48,6.63,0.32,0.33,0.333,3,0.83,2.92,0.83,0.17,0.25,0.33,0,3
IPOY57351615662290,Billy Bird,,Sex 2,,40,16,,35.0,2.01,0.61,2.01,0.15,0.00,0.429,0,0.46,1.56,0.50,0.50,,0.0,19,4
IPOY57351615662290,Billy Bird,,Sex 2,1982-09-21,16,1,,39.0,9.42,1.8,5.67,0.18,0.10,0.643,1,0.99,3.50,1.00,0.00,0.44,0.63,2,2
IQPM56864408899737,Ms Amanda Gill,,Sex 2,,25,16,,8.0,2.33,0.58,2.33,0.0,#DIV/0!,0.000,0,0.58,2.33,0.67,0.33,0.67,0.0,0,1
IQTM31692863747061,Dr Richard Hughes,,Sex 1,,21,11,,24.0,1.33,0.64,1.33,0.1,0.00,0.333,0,0.54,0.89,0.57,0.43,0.57,0.0,0,1
IRFI60768633645378,Ms Jade McDonald,,Sex 1,,26,1,,39.0,15.70,2.1,9.70,0.43,0.40,0.583,1,0.67,4.67,0.67,0.33,0.00,1.0,0,2
IRFI60768633645378,Ms Jade McDonald,,Sex 1,,23,8,,31.0,1.75,0.84,1.75,0.06,0.00,0.429,0,0.79,1.32,0.80,0.20,0.70,0.0,1,1
IRUC93447259852363,Anna Patel-Watts,33.5,Sex 1,1970-12-17,9,14,2004-06-26,10.0,0.25,0.06,0.25,0.14,0.00,0.333,0,-0.08,0.00,0.00,1.00,0.33,0.0,0,1
ISPP88363926331552,Graham Lewis,,Sex 1,,29,7,,32.5,2.68,0.59,2.68,0.1,0.00,0.556,0,0.49,1.75,0.50,0.50,0.25,0.0,2,1
ITLL82540643011947,Mr Mohammad Graham,,Sex 2,,27,6,,36.5,4.11,0.99,4.11,0.38,0.00,0.800,1,0.61,0.81,0.67,0.33,0.83,0.0,16,2
ITLL82540643011947,Alison Dobson-Kaur,,Sex 2,,19,10,,27.0,4.50,1.1,4.50,0.63,0.67,0.600,3,0.47,1.56,0.50,0.50,0.25,0.0,0,1
IUMX60848438498290,Dr Nigel Williams,,Sex 1,,5,1,,39.0,16.61,2.08,13.18,0.51,0.50,0.500,0,1.0,7.00,1.00,0.00,0.56,0.57,0,1
IUTS45452435572891,Eleanor Parry,,Sex 2,,22,4,,38.0,6.03,1.08,6.03,0.24,0.20,0.571,0,0.84,3.38,0.85,0.15,0.08,0.0,0,1
IVVI77373589936230,Zoe Dean,36.0,Sex 2,1970-07-12,13,16,2006-06-26,14.0,1.73,0.81,1.73,0.281,#DIV/0!,0.286,1,0.53,1.44,0.67,0.33,0.67,0.0,0,1
IXFD64211295956684,Mrs Fiona Shepherd,,Sex 2,,39,5,,37.0,2.38,0.59,2.38,0.1,0.00,0.455,1,0.49,1.40,0.50,0.50,,0.0,0,1
IXRM17576779768557,Mr Louis Walker,,Sex 1,,37,7,,35.0,4.64,0.97,4.64,0.23,0.13,0.500,1,0.74,2.10,0.75,0.25,,0.0,0,1
IYPC66469573119824,Amanda Brown,42.2,Sex 1,1964-04-10,13,15,2006-06-26,15.0,2.23,1.0,2.23,0.685,#DIV/0!,0.625,1,0.31,1.40,0.50,0.50,0.50,0.0,0,1
JADR83397071589646,Mary King,,Sex 2,,18,7,,30.0,1.98,0.66,1.98,0.12,0.00,0.417,1,0.54,1.12,0.60,0.40,0.80,0.0,2,1
JBIQ48645700860132,Ms Molly John,0.0,Sex 1,,31,14,,16.0,1.76,0.75,1.76,0.38,#DIV/0!,0.250,0,0.37,1.24,0.40,0.60,0.40,0.0,0,2
JBIQ48645700860132,Ms Molly John,,Sex 1,,28,2,,39.0,7.35,1.28,6.68,0.27,0.20,0.462,1,0.89,3.15,0.90,0.10,0.30,0.1111111111,0,1
JDRU21779771610420,Jeffrey Davison-Baker,,Sex 2,,29,18,,3.5,0.00,-0.56,0.00,0.0,#DIV/0!,0.000,0,-0.56,0.00,0.00,1.00,1.00,0.0,0,1
JFOD81843323844617,Hazel Kelly,,Sex 1,,5,8,,27.0,3.28,1.04,3.28,0.229,0.00,0.500,2,0.81,2.33,0.83,0.17,0.33,0.0,0,1
JFOQ95888264665093,Mr Adam Rose,,Sex 1,,29,4,,38.5,5.37,0.68,5.37,0.33,0.33,0.400,2,0.35,0.60,0.36,0.64,0.64,0.0,3,1
JFOQ95888264665093,Mr Adam Rose,0.0,Sex 1,,31,5,,37.0,3.94,0.44,3.94,0.23,0.17,0.545,0,0.22,0.78,0.22,0.78,0.33,0.0,0,2
JHCD74934735653244,Joel Skinner,,Sex 1,,19,17,,8.0,1.70,0.57,1.70,0.0,#DIV/0!,0.000,0,0.57,1.70,0.67,0.33,0.67,0.0,0,1
JHDP91473444317165,Ms Sara Clark,,Sex 2,,26,19,,5.0,0.10,-0.28,0.10,0.32,#DIV/0!,0.333,0,-0.6,0.00,0.00,1.00,1.00,0.0,0,1
JKBE01469692375840,Mr Adrian Thomas,,Sex 1,,29,6,,35.5,5.04,0.77,5.04,0.22,0.11,0.500,1,0.55,2.59,0.56,0.44,0.22,0.0,4,1
JKWR83248735062687,Mr Timothy O'Connor,,Sex 1,,6,7,,30.0,3.64,0.91,3.98,0.25,0.17,0.455,0,0.7,2.00,0.71,0.29,0.00,0.0,0,1
JLKM58777076520312,Abdul Kaur-Holmes,0.0,Sex 2,,32,7,,29.0,4.10,0.88,4.10,0.32,0.33,0.400,2,0.57,1.53,0.60,0.40,0.40,0.0,3,1
JOLB80335596652135,John Green,,Sex 1,,22,8,,36.0,4.92,0.82,4.17,0.61,#DIV/0!,0.000,0,0.21,0.67,0.33,0.67,0.67,0.0,29,1
JQLV40837670787677,Lisa Pearce-Roberts,0.0,Sex 2,,32,17,,6.0,2.00,0.36,2.00,0.0,#DIV/0!,0.000,0,0.36,2.00,0.50,0.50,0.50,0.0,0,1
JRAP07861328560708,Dr Wayne Lloyd,,Sex 1,,39,1,,39.0,10.97,1.81,6.17,0.24,0.11,0.818,1,0.77,3.63,0.78,0.22,,0.8,0,1
JRZS12281949679670,Sylvia Moore-Newton,64.2,Sex 1,1936-01-18,1,15,2000-03-13,6.0,0.25,-0.11,0.25,0.64,#DIV/0!,0.667,0,-0.75,0.00,0.00,1.00,1.00,0.0,0,1
JTZP53404942421433,Dr Conor Stevens,39.0,Sex 2,1965-11-06,10,18,2004-11-01,3.0,1.00,0.23,1.00,0.9,1.00,0.000,0,-0.67,0.00,0.00,1.00,1.00,0.0,0,1
JWEC34933579822594,Arthur Ingram-Jones,0.0,Sex 2,,32,2,,39.0,5.72,1.3,4.01,0.14,0.09,0.333,1,0.87,2.07,0.89,0.11,0.44,0.2857142857,0,1
JWEC34933579822594,Arthur Ingram-Jones,,Sex 1,,34,5,,37.0,3.36,0.66,3.36,0.2,0.11,0.462,0,0.46,1.08,0.46,0.54,0.62,0.0,0,2
JWEC34933579822594,Arthur Ingram-Jones,,Sex 2,,38,15,,35.0,0.48,-0.65,0.48,0.15,0.00,0.429,2,-0.8,0.00,0.00,1.00,,0.0,22,1
JWGB80507605230477,Ms Hollie Walsh,,Sex 2,,39,13,,22.0,1.65,0.67,1.65,0.23,0.00,0.444,0,0.45,1.17,0.50,0.50,,0.0,0,1
JWOK57201528110775,Miss Sharon Hall,42.8,Sex 2,1964-04-19,14,2,2007-02-08,39.0,4.84,0.94,4.84,0.24,0.13,0.688,2,0.7,2.22,0.71,0.29,0.43,0.0,0,1
JXPJ44204663968693,Henry Davies,27.7,Sex 1,1973-11-12,3,1,2001-07-11,39.0,14.15,1.93,9.87,0.216,0.18,0.417,0,1.0,7.00,1.00,0.00,0.18,0.71,0,1
JXPJ44204663968693,Henry Davies,30.0,Sex 1,1973-11-12,8,11,2003-11-03,21.0,1.86,0.66,1.86,0.3,#DIV/0!,0.250,0,0.36,1.12,0.40,0.60,0.40,0.0,0,2
JXPJ44204663968693,Henry Davies,,Sex 1,,40,18,,35.0,2.44,0.66,2.44,0.05,0.00,0.250,0,0.62,2.33,0.67,0.33,,0.0,26,3
JYMG15322676615537,Bethany Payne-Taylor,,Sex 1,,40,13,,35.0,2.06,0.93,2.06,0.19,0.00,0.444,0,0.74,1.40,0.80,0.20,,0.0,14,2
JYMG15322676615537,Bethany Payne-Taylor,,Sex 1,,36,1,,39.0,9.65,1.63,6.37,0.32,0.20,0.769,0,0.77,2.42,0.78,0.22,,0.55,1,1
KAQD34155952987780,Dr Lewis Cooper,,Sex 2,,37,4,,38.0,6.64,0.8,6.64,0.16,0.09,0.462,1,0.64,4.45,0.64,0.36,,0.0,0,1
KAWJ90127562469420,Frances Nixon,,Sex 2,,12,15,,6.0,1.56,0.27,1.56,0.0,#DIV/0!,0.000,0,0.27,1.56,0.50,0.50,0.50,0.0,0,1
KBYP54578499340670,Bradley Cox,,Sex 2,,29,1,,39.5,12.27,1.62,8.52,0.22,0.17,0.700,0,0.78,5.44,0.78,0.22,0.00,0.625,3,1
KBYP54578499340670,Bradley Cox,,Sex 2,,40,2,,39.0,4.35,0.86,2.85,0.39,0.40,0.000,0,0.22,0.85,0.33,0.67,,0.25,33,2
KDIB58499544188949,Jake Williams,36.2,Sex 1,1970-04-22,13,19,2006-06-26,6.0,0.10,-0.58,0.10,0.222,#DIV/0!,0.000,0,-0.8,0.00,0.00,1.00,1.00,0.0,0,1
KHTU13965869892740,Dr Gavin Pugh,45.8,Sex 2,1955-09-18,3,2,2001-07-11,39.0,10.18,1.5,8.47,0.216,0.18,0.417,0,1.0,5.60,1.00,0.00,0.18,0.29,0,1
KLHQ46083981612090,Ryan Wood-Bishop,29.1,Sex 1,1979-05-12,17,9,2008-06-23,27.0,3.63,0.98,3.63,0.38,0.00,0.769,1,0.6,2.07,0.67,0.33,0.33,0.0,0,1
KMGN18765354040300,Mrs Hilary Dunn,,Sex 1,,37,6,,36.0,4.66,0.76,4.66,0.26,0.11,0.385,0,0.49,1.56,0.50,0.50,,0.0,0,1
KNKQ35669275012700,Simon Humphreys-Brown,51.7,Sex 2,1949-01-24,2,14,2000-10-23,9.0,1.95,0.93,1.95,0.59,#DIV/0!,0.600,0,0.33,1.56,0.50,0.50,1.00,0.0,0,1
KPUZ76235919109683,Sara Patterson,,Sex 2,,15,11,,18.0,2.88,1.13,2.88,0.43,#DIV/0!,0.400,1,0.7,2.10,0.75,0.25,0.50,0.0,0,1
KQCK91562724815869,Miss Jodie Clarke,,Sex 1,,37,2,,39.0,8.19,1.21,6.39,0.16,0.09,0.385,0,0.75,4.20,0.75,0.25,,0.3,0,1
KQXJ39405662190134,Ruth Potts-Clarke,28.1,Sex 1,1977-05-10,11,9,2005-06-27,24.0,2.65,0.87,2.65,0.233,0.00,0.667,0,0.64,1.56,0.67,0.33,0.50,0.0,0,2
KQXJ39405662190134,Ruth Potts-Clarke,27.5,Sex 1,1977-05-10,10,10,2004-11-01,21.0,3.85,0.83,3.85,0.12,0.00,0.214,0,0.71,3.33,0.71,0.29,0.14,0.0,0,1
KRVR71994553182613,Miss Yvonne Harris,,Sex 2,,26,18,,7.0,0.10,0.16,0.10,0.24,#DIV/0!,0.250,0,-0.08,0.00,0.00,1.00,0.50,0.0,0,1
KSAD46880741699162,Dr Leonard Wilkinson,,Sex 2,,18,4,,37.0,2.58,0.76,2.58,0.07,0.00,0.417,1,0.69,1.78,0.70,0.30,0.40,0.0,7,1
KSEZ01929075325462,Mr Anthony Atkins,,Sex 1,,37,18,,9.0,0.21,-0.27,0.21,0.63,#DIV/0!,0.667,0,-0.9,0.00,0.00,1.00,,0.0,0,1
KSNF23809451747096,Vincent Davies,,Sex 2,,26,2,,39.0,2.70,0.85,2.70,0.03,0.00,0.250,2,0.81,2.29,0.82,0.18,0.18,0.0,0,1
KTJK19664299788987,Samuel Parker,21.6,Sex 2,1983-11-24,11,17,2005-06-27,6.0,0.11,-0.65,0.11,0.235,#DIV/0!,0.250,0,-0.89,0.00,0.00,1.00,1.00,0.0,0,1
KZVO15230354207063,Jacqueline Edwards,0.0,Sex 1,,32,8,,27.0,2.01,0.6,2.01,0.11,0.00,0.300,0,0.48,1.27,0.50,0.50,0.38,0.0,0,1
LAUW84378610557021,Bethany Dale,,Sex 1,,39,6,,36.0,2.08,0.66,2.08,0.12,0.00,0.727,1,0.54,1.04,0.63,0.38,,0.0,0,1
LBEO88413916757504,Dean White,,Sex 2,,38,6,,36.0,4.15,0.78,4.15,0.06,0.00,0.333,3,0.73,3.39,0.73,0.27,,0.0,0,1
LBUF63345870847039,William Andrews,,Sex 2,,40,8,,35.0,2.91,0.82,2.91,0.16,0.14,0.182,0,0.65,1.44,0.67,0.33,,0.0,4,3
LBUF63345870847039,William Andrews,0.0,Sex 1,,31,1,,39.0,12.09,1.74,6.09,0.11,0.07,0.364,2,0.64,4.45,0.64,0.36,0.18,1.0,0,2
LBUF63345870847039,William Andrews,,Sex 1,,29,10,,24.5,4.64,1.15,4.64,0.54,0.33,0.875,1,0.61,2.07,0.67,0.33,0.33,0.0,3,1
LFGV30248436045075,Ms Brenda Hudson,,Sex 2,,28,5,,36.0,3.27,0.74,3.27,0.12,0.00,0.385,1,0.62,1.94,0.63,0.38,0.38,0.0,0,1
LFRU38613470964705,Tracy Davies-John,,Sex 2,,24,18,,3.0,0.00,-1.0,0.00,0.0,#DIV/0!,0.000,0,-1.0,0.00,#DIV/0!,#DIV/0!,#DIV/0!,0.0,0,1
LGEM79153237122113,Dr Christine Barrett,29.4,Sex 2,1977-01-13,13,18,2006-06-26,8.0,1.50,0.45,1.50,0.178,#DIV/0!,0.000,0,0.27,1.40,0.50,0.50,0.50,0.0,0,1
LGMK25739662107529,Dr Danny Davies,,Sex 1,,6,16,,3.0,0.00,-0.5,0.00,0.0,#DIV/0!,0.000,0,-0.5,0.00,0.00,1.00,-6.00,0.0,0,1
LGMY49124759839585,Helen Walker,101.5,Sex 2,,3,11,2001-07-11,18.0,2.60,1.07,2.60,0.51,#DIV/0!,0.545,0,0.56,1.70,0.67,0.33,0.67,0.0,0,1
LHCI81859246848679,Gareth Sutton,,Sex 1,,37,20,,3.0,0.00,-1.0,0.00,0.0,#DIV/0!,0.000,0,-1.0,0.00,#DIV/0!,#DIV/0!,,0.0,0,1
LHPN96590478059271,Miss Tracey King,103.5,Sex 1,,7,5,2003-06-23,30.0,6.07,1.1,6.07,0.409,0.33,0.727,2,0.69,1.43,0.71,0.29,0.43,0.0,0,1
LJSB54600988639424,Frances Hardy,,Sex 2,,28,11,,19.0,2.23,0.63,2.23,0.29,0.00,0.333,1,0.33,1.40,0.50,0.50,0.50,0.0,0,1
LJSB54600988639424,Frances Hardy,,Sex 2,,34,1,,39.0,11.26,1.64,7.06,0.09,0.00,0.462,0,0.85,5.92,0.85,0.15,0.54,0.7,0,2
LJSB54600988639424,Frances Hardy,,Sex 1,,40,4,,38.0,3.80,0.64,3.80,0.11,0.00,0.636,0,0.54,2.51,0.54,0.46,,0.0,0,3
LLBC09699502110529,Harriet Carter,,Sex 2,,28,6,,33.0,5.64,0.99,5.64,0.4,0.50,0.154,1,0.59,2.10,0.60,0.40,0.20,0.0,0,1
LLBC09699502110529,Harriet Carter,0.0,Sex 2,,31,2,,39.0,2.94,0.65,2.94,0.08,0.00,0.545,1,0.58,1.81,0.58,0.42,0.33,0.0,0,2
LNYE17889177112189,Owen Clark-Heath,,Sex 2,,35,2,,39.0,9.09,1.15,7.59,0.45,0.45,0.357,1,0.45,1.16,0.45,0.55,0.18,0.25,0,1
LPGJ39897017178249,Miss Wendy Wilson,,Sex 1,,6,14,,9.0,0.14,-0.03,0.14,0.21,#DIV/0!,0.200,0,-0.23,0.00,0.00,1.00,-2.50,0.0,0,1
LRMP93453256529291,Miss Valerie Davies,,Sex 2,,38,5,,37.0,2.10,0.72,2.10,0.06,0.00,0.250,1,0.66,1.24,0.67,0.33,,0.0,13,1
LRSS85657655744132,Sara Martin,28.8,Sex 2,1977-09-11,13,3,2006-06-26,39.0,5.28,1.2,5.28,0.205,0.00,0.786,0,0.99,3.11,1.00,0.00,0.22,0.0,0,1
LRXV81333166066799,Lauren Hill,103.5,Sex 2,,7,2,2003-06-23,30.0,4.49,1.11,3.64,0.16,0.09,0.375,0,0.81,1.64,0.82,0.18,0.36,0.14,0,1
LSMQ12979165074507,Dr Nathan Webb,,Sex 2,,19,7,,33.0,2.45,0.69,2.45,0.13,0.00,0.600,2,0.56,1.45,0.57,0.43,0.29,0.0,0,1
LSMQ12979165074507,Dr Nathan Webb,0.0,Sex 2,,31,16,,13.0,0.29,-0.23,0.29,0.27,#DIV/0!,0.333,2,-0.5,0.00,0.00,1.00,0.00,0.0,0,2
LUBM82138997421576,Thomas Nash,44.3,Sex 1,1962-03-05,13,7,2006-06-26,33.0,2.33,1.02,2.33,0.155,0.00,0.429,2,0.86,1.31,0.89,0.11,0.78,0.0,5,1
LUBM82138997421576,Pauline Jackson,,Sex 1,,16,15,,15.0,1.64,0.65,1.64,0.417,0.00,0.778,0,0.23,0.78,0.50,0.50,0.00,0.0,0,2
LUBM82138997421576,Thomas Nash,,Sex 1,,25,7,,30.0,3.56,0.87,3.56,0.32,0.20,0.455,0,0.55,1.23,0.57,0.43,0.57,0.0,0,3
LUEQ50295364888349,Lawrence Walker,104.5,Sex 2,,9,17,2004-06-26,6.0,0.24,0.1,0.24,0.65,#DIV/0!,0.667,1,-0.56,0.00,0.00,1.00,1.00,0.0,0,1
LUSE11140960414183,Dr Patrick Brooks,0.0,Sex 1,,31,8,,32.0,5.56,0.53,5.56,0.56,0.50,0.727,0,-0.03,0.00,0.00,1.00,0.40,0.0,0,2
LUSE11140960414183,Dr Patrick Brooks,,Sex 1,,38,14,,35.0,1.58,-0.04,1.58,0.42,0.00,0.889,0,-0.46,0.00,0.00,1.00,,0.0,10,1
LUSE11140960414183,Dr Patrick Brooks,,Sex 1,,30,10,,24.0,5.12,1.15,5.12,0.67,0.75,0.500,0,0.47,1.17,0.50,0.50,0.33,0.0,0,1
LVYZ19805770368237,Ann Thompson,,Sex 1,,12,10,,18.0,2.79,0.88,2.79,0.184,0.00,0.400,0,0.69,2.10,0.75,0.25,0.25,0.0,0,1
LXQV58214615683662,Lindsey Mills,46.2,Sex 2,1958-08-13,10,5,2004-11-01,36.0,3.33,0.87,3.33,0.11,0.00,0.467,6,0.76,2.04,0.80,0.20,0.60,0.0,0,1
LXSE46310175297949,Sarah Robinson,23.6,Sex 1,1977-03-17,2,13,2000-10-23,12.0,2.73,1.0,2.73,0.4,#DIV/0!,0.429,0,0.6,2.33,0.67,0.33,1.00,0.0,0,1
LXWE54468271891329,Ian Carey-Lloyd,,Sex 1,,22,10,,31.0,1.24,0.44,1.24,0.05,0.00,0.429,1,0.39,0.86,0.40,0.60,0.30,0.0,1,1
LZFM06693568601834,Stephanie Watts-Cook,,Sex 1,,5,16,,3.0,0.00,-0.75,0.00,0.0,#DIV/0!,0.000,0,-0.75,0.00,0.00,1.00,1.00,0.0,0,1
LZUZ22516742928917,Amanda Bailey,29.4,Sex 2,1975-05-28,10,2,2004-11-01,39.0,7.46,1.21,6.60,0.07,0.00,0.333,7,1.0,5.60,1.00,0.00,0.29,0.14,0,1
MAVK29414867909155,Derek Spencer,,Sex 2,,35,7,,33.0,6.29,1.12,6.29,0.27,0.25,0.231,4,0.85,3.43,0.86,0.14,0.29,0.0,0,1
MBMS12526921636980,Jenna Marsh-Curtis,,Sex 2,,19,13,,18.0,2.78,0.98,2.78,0.21,#DIV/0!,0.125,0,0.77,2.49,0.80,0.20,0.40,0.0,0,1
MDJC04286258432487,Jordan Johnston,0.0,Sex 1,,32,12,,16.0,1.78,0.78,1.78,0.58,#DIV/0!,0.500,0,0.2,0.85,0.33,0.67,1.00,0.0,0,1
MDXA60662648623609,Mr Jeffrey Lucas,100.8,Sex 1,,2,15,2000-10-23,6.0,0.25,-0.21,0.25,0.67,#DIV/0!,0.667,0,-0.88,0.00,0.00,1.00,1.00,0.0,0,1
MFGN76477370701286,Ian Hammond,34.6,Sex 1,1972-06-21,14,5,2007-02-08,37.0,7.37,1.14,7.37,0.49,0.38,0.875,0,0.65,2.07,0.67,0.33,0.33,0.0,2,1
MIAD77369463447615,Dr Danny Robinson,,Sex 1,,33,8,,34.0,2.99,0.66,2.99,0.17,0.14,0.231,4,0.49,1.40,0.50,0.50,0.25,0.0,0,1
MIBM30826166744181,Melanie Adams-Price,0.0,Sex 2,,32,14,,11.0,1.68,0.53,1.68,0.04,#DIV/0!,0.000,0,0.49,1.56,0.67,0.33,1.00,0.0,0,1
MJEI53226330758407,Charlotte Ryan,,Sex 1,,21,7,,32.0,3.47,0.87,3.47,0.16,0.00,0.727,0,0.7,2.22,0.71,0.29,0.43,0.0,0,1
MKEF84278858763744,Mr Geoffrey Morgan,,Sex 2,,19,16,,11.0,0.21,-0.48,0.21,0.32,#DIV/0!,0.500,1,-0.8,0.00,0.00,1.00,1.00,0.0,0,1
MMTU74303275826993,Peter Howard,0.0,Sex 2,,32,1,,39.0,12.60,1.76,8.31,0.39,0.36,0.417,1,0.66,3.11,0.67,0.33,0.17,0.7142857143,0,1
MMTU74303275826993,Peter Howard,,Sex 2,,40,3,,39.0,4.53,0.73,4.53,0.23,0.20,0.364,1,0.5,1.75,0.50,0.50,,0.0,0,2
MNWO81236570138943,Miss Emma Evans,32.0,Sex 1,1976-06-30,17,11,2008-06-23,21.0,3.60,1.1,3.60,0.49,0.00,0.727,0,0.61,2.33,0.67,0.33,0.33,0.0,1,1
MPGZ65790395765222,Ellie Holmes,103.8,Sex 2,,8,10,2003-11-03,24.0,2.86,1.08,2.86,0.28,#DIV/0!,0.231,0,0.8,2.12,0.83,0.17,0.50,0.0,0,2
MPGZ65790395765222,Ellie Holmes,,Sex 2,,20,4,,38.0,5.63,1.01,5.63,0.26,0.22,0.467,2,0.75,2.63,0.75,0.25,0.25,0.0,0,2
MPGZ65790395765222,Ellie Holmes,30.1,Sex 2,1970-09-05,2,8,2000-10-23,27.0,3.26,0.97,3.26,0.34,0.25,0.455,0,0.63,1.17,0.67,0.33,1.00,0.0,0,1
MPHI84316807079387,Dr Lee Barker,,Sex 2,,24,7,,33.0,3.90,0.91,3.90,0.21,0.13,0.538,0,0.7,1.82,0.71,0.29,0.29,0.0,0,1
MPHI84316807079387,Dr Lee Barker,,Sex 2,,27,14,,17.5,2.33,0.78,2.33,0.18,#DIV/0!,0.333,2,0.6,2.07,0.67,0.33,0.33,0.0,1,2
MQUO74772367198137,Kate King,,Sex 1,,29,13,,15.5,0.63,0.35,0.63,0.19,#DIV/0!,0.167,1,0.16,0.47,0.20,0.80,0.80,0.0,0,1
MTTF44573992308311,Patricia Ashton-Holmes,,Sex 1,,35,8,,30.0,2.26,0.61,2.26,0.13,0.00,0.385,2,0.47,1.08,0.50,0.50,0.67,0.0,0,1
MURH08634339151533,Ms Hayley Khan,,Sex 1,,16,8,,30.0,2.88,0.56,2.88,0.399,0.25,0.643,0,0.17,0.47,0.20,0.80,0.40,0.0,6,1
MWIR06728961755446,Sarah Hamilton,,Sex 2,,24,4,,38.0,1.77,0.5,1.77,0.06,0.00,0.385,0,0.45,0.98,0.45,0.55,0.36,0.0,0,1
MZWB79011062963696,Angela Young,,Sex 2,,37,5,,37.0,3.04,0.7,3.04,0.16,0.10,0.429,1,0.54,0.92,0.56,0.44,,0.0,0,1
NBDH14333697624404,Jennifer Evans-Todd,55.2,Sex 2,1949-08-24,10,19,2004-11-01,2.0,#DIV/0!,0.0,#DIV/0!,0.0,0.00,#DIV/0!,0,0.0,#DIV/0!,#DIV/0!,#DIV/0!,#DIV/0!,0.0,0,1
NFLC50614113405500,Kim Begum,,Sex 2,,35,6,,36.0,4.43,0.8,4.43,0.26,0.22,0.214,0,0.54,1.30,0.56,0.44,0.33,0.0,0,1
NIVH89624675864710,Miss Karen Welch,,Sex 1,,24,16,,8.0,0.36,-0.22,0.36,0.56,#DIV/0!,0.600,0,-0.78,0.00,0.00,1.00,1.00,0.0,0,1
NJQJ55571884335665,Gail Fisher,,Sex 1,,16,17,,11.0,0.21,-0.03,0.21,0.125,0.00,0.333,0,-0.16,0.00,0.00,1.00,0.50,0.0,0,1
NKVT93000177308432,Mr Glen Rahman,27.8,Sex 2,1979-12-11,14,18,2007-02-08,6.0,0.00,-0.18,0.00,0.0,#DIV/0!,0.000,0,-0.18,0.00,0.00,1.00,0.50,0.0,0,1
NMOW56763104309847,Julie Kemp,103.5,Sex 2,,7,13,2003-06-23,19.0,3.48,1.17,3.48,0.566,#DIV/0!,0.583,2,0.6,2.33,0.67,0.33,0.33,0.0,0,1
NNLT18975448758981,Danny Dunn,103.5,Sex 2,,7,7,2003-06-23,30.0,3.19,0.81,3.19,0.11,0.00,0.357,0,0.7,2.22,0.71,0.29,0.14,0.0,0,1
NNNW36371874371959,Mathew Clayton,103.8,Sex 2,,8,1,2003-11-03,39.0,8.93,1.77,5.50,0.21,0.10,0.571,2,0.99,2.80,1.00,0.00,0.56,0.57,0,2
NNNW36371874371959,Mrs Teresa Hill,,Sex 2,,40,20,,35.0,0.10,-0.55,0.10,0.05,0.00,0.500,0,-0.6,0.00,0.00,1.00,,0.0,32,3
NNNW36371874371959,Mathew Clayton,22.2,Sex 2,1978-08-11,2,6,2000-10-23,33.0,2.34,0.68,2.34,0.07,0.00,0.364,0,0.61,1.75,0.63,0.38,1.00,0.0,0,1
NPML02313096549737,Mathew Bradley,,Sex 1,,28,14,,14.0,0.73,-0.06,0.73,0.51,#DIV/0!,0.286,1,-0.57,0.00,0.00,1.00,1.00,0.0,0,1
NRIL53424982634446,Jason Adams,,Sex 1,,24,13,,16.0,2.41,1.1,2.41,0.41,#DIV/0!,0.400,1,0.69,1.91,1.00,0.00,0.33,0.0,0,1
NRIL53424982634446,Jason Adams,,Sex 1,,27,19,,7.5,1.31,1.26,1.31,1.0,#DIV/0!,1.000,0,0.26,1.08,1.00,0.00,0.00,0.0,0,2
NSHW00102470798886,Mr Raymond Savage,,Sex 1,,19,19,,5.0,1.08,0.26,1.08,0.0,#DIV/0!,0.000,0,0.26,1.08,0.50,0.50,0.50,0.0,0,1
NSRN61654567007841,Mandy Turner,,Sex 1,,27,1,,39.5,11.98,1.98,6.73,0.29,0.22,0.857,0,0.82,3.82,0.82,0.18,0.18,0.875,0,3
NSRN61654567007841,Mandy Turner,,Sex 1,,18,8,,27.0,4.66,1.05,4.66,0.58,0.67,0.500,0,0.46,1.56,0.50,0.50,0.25,0.0,0,1
NSRN61654567007841,Mandy Turner,,Sex 1,,20,15,,15.0,2.66,0.75,2.66,0.33,0.00,0.625,1,0.42,2.00,0.50,0.50,0.50,0.0,0,2
NSRN61654567007841,Mandy Turner,,Sex 1,,40,11,,35.0,2.39,0.78,2.39,0.23,0.20,0.500,0,0.55,1.05,0.60,0.40,,0.0,17,4
NTRR69442754401737,Allan Brookes,,Sex 1,,33,11,,28.0,2.61,0.79,2.61,0.24,0.00,0.417,0,0.56,1.45,0.57,0.43,0.14,0.0,0,1
NTRT09132239494152,Miss Katy Kelly,28.7,Sex 1,1979-10-03,17,10,2008-06-23,27.0,3.64,1.1,3.64,0.82,0.50,0.692,0,0.29,1.33,0.33,0.67,0.33,0.0,0,1
NVJD77839000161482,Rachel Payne,,Sex 1,,39,11,,27.0,4.42,1.18,4.42,0.62,0.67,0.500,0,0.56,1.78,0.57,0.43,,0.0,0,1
NXUA13231790178777,Leanne Jones-Howell,0.0,Sex 1,,32,5,,34.0,3.55,0.82,3.55,0.16,0.13,0.273,3,0.66,1.87,0.75,0.25,0.13,0.0,0,1
NYDN86137190638920,Mr Brett Holt,,Sex 1,,38,9,,35.0,2.38,0.79,2.38,0.07,0.00,0.250,0,0.72,1.70,0.73,0.27,,0.0,6,1
NZKA13876347664201,Kirsty Stewart,,Sex 2,,29,14,,13.5,2.11,0.91,2.11,0.54,#DIV/0!,0.600,1,0.38,1.75,0.50,0.50,1.00,0.0,0,1
NZKA13876347664201,Kirsty Stewart,,Sex 2,,38,10,,35.0,1.69,0.76,1.69,0.07,0.00,0.182,1,0.68,1.09,0.70,0.30,,0.0,16,1
NZKA13876347664201,Kirsty Stewart,0.0,Sex 2,,31,4,,38.0,5.38,0.75,5.38,0.26,0.23,0.364,2,0.5,1.56,0.50,0.50,0.42,0.0,0,2
NZMS36385237791154,Jack Bennett,,Sex 1,,23,5,,37.0,2.10,0.88,2.10,0.05,0.00,0.571,1,0.82,1.56,0.83,0.17,0.25,0.0,0,1
OAGU63469958162143,Dr Tony Holt,25.9,Sex 1,1982-07-13,17,14,2008-06-23,15.0,2.41,0.99,2.41,0.29,#DIV/0!,0.250,0,0.7,2.10,0.75,0.25,0.25,0.0,0,1
OAKV41079718921807,Michelle Hall,,Sex 2,,20,11,,24.0,1.43,0.53,1.43,0.18,0.00,0.286,6,0.36,0.86,0.40,0.60,0.60,0.0,0,2
OAKV41079718921807,Michelle Hall,,Sex 2,,15,2,,39.0,8.84,1.19,7.13,0.13,0.09,0.333,6,0.78,5.44,0.78,0.22,0.00,0.29,0,1
OBJL08398226465476,Dr Samantha Taylor,,Sex 1,,26,14,,16.0,1.85,0.57,1.85,0.1,#DIV/0!,0.125,0,0.47,1.75,0.50,0.50,0.25,0.0,0,1
OBRP05159119084169,Judith Wilkinson,,Sex 1,,21,5,,37.0,2.34,0.79,2.34,0.07,0.00,0.455,2,0.72,1.57,0.73,0.27,0.45,0.0,0,1
ODGL97390211737911,Jamie Thornton,53.3,Sex 1,1947-07-05,2,5,2000-10-23,36.0,2.13,0.55,2.13,0.06,0.00,0.364,2,0.49,1.56,0.50,0.50,1.00,0.0,0,1
ODHM64989738750031,Ashleigh Jones,,Sex 2,,37,3,,39.0,3.37,0.74,3.37,0.08,0.00,0.231,2,0.66,2.33,0.67,0.33,,0.0,0,1
OETV24442210353854,John Thomas,32.1,Sex 1,1972-09-08,10,9,2004-11-01,24.0,2.85,0.6,2.85,0.3,0.00,0.500,4,0.31,1.27,0.50,0.50,0.50,0.0,0,1
OGXP80360773255689,Ms Patricia Gordon,103.8,Sex 1,,8,15,2003-11-03,12.0,0.78,-0.2,0.78,0.64,#DIV/0!,0.667,1,-0.83,0.00,0.00,1.00,1.00,0.0,0,2
OGXP80360773255689,Ms Patricia Gordon,,Sex 1,,6,3,,38.0,4.82,1.02,4.82,0.13,0.08,0.364,0,0.9,3.18,0.91,0.09,0.36,0.0,0,1
OLUJ82556364970370,Francis Payne,,Sex 1,,12,9,,21.0,2.72,0.8,2.72,0.234,0.00,0.364,0,0.56,1.53,0.60,0.40,0.40,0.0,2,1
OMYJ56938370451886,Mr Damien Sullivan,24.6,Sex 2,1980-03-27,10,13,2004-11-01,12.0,2.76,0.89,2.76,0.12,0.00,0.250,0,0.77,2.49,0.80,0.20,0.40,0.0,0,1
ONAZ94326956868931,Jamie Davies,,Sex 2,,23,18,,6.0,0.00,-0.89,0.00,0.0,#DIV/0!,0.000,0,-0.89,0.00,0.00,1.00,1.00,0.0,3,1
OOPV95310955776737,Tracy Cooper-Myers,104.5,Sex 2,,9,6,2004-06-26,33.0,5.71,1.12,5.49,0.36,0.25,0.467,0,0.77,1.81,0.78,0.22,0.22,0.0,0,1
OOPV95310955776737,Tracy Cooper-Myers,,Sex 2,,16,11,,21.0,2.97,0.88,2.97,0.228,0.00,0.385,0,0.65,2.33,0.67,0.33,0.17,0.0,1,2
OOYM53840664844287,Robert Berry-Lewis,,Sex 1,,5,14,,9.0,0.41,-0.07,0.41,0.552,#DIV/0!,0.600,0,-0.63,0.00,0.00,1.00,1.00,0.0,0,1
OPES17361125962623,Emma Porter,,Sex 1,,37,12,,22.0,3.84,0.94,3.84,0.31,0.00,0.600,0,0.64,2.67,0.67,0.33,,0.0,0,1
ORFR99123899934199,Eleanor Hall,22.2,Sex 2,1986-04-04,17,13,2008-06-23,18.0,1.51,0.68,1.51,0.24,#DIV/0!,0.300,1,0.43,1.17,0.50,0.50,0.75,0.0,0,1
ORZG33945409003998,Ms Irene Field,,Sex 2,,26,13,,19.0,1.97,0.65,1.97,0.08,#DIV/0!,0.100,0,0.57,1.87,0.60,0.40,0.40,0.0,0,1
OTIJ41030188812478,Bethan Wells,,Sex 1,,25,9,,25.0,3.33,0.86,3.33,0.24,0.00,0.500,1,0.61,2.07,0.67,0.33,0.33,0.0,0,1
OWHD08069924178095,Carly Ford-Davidson,,Sex 2,,19,11,,24.0,3.28,0.9,3.28,0.27,0.00,0.667,2,0.63,2.33,0.67,0.33,0.33,0.0,0,1
OWPM48038792353155,Mr Rhys Hooper,,Sex 2,,38,3,,39.0,6.11,0.71,6.11,0.21,0.15,0.417,3,0.5,2.80,0.50,0.50,,0.0,0,1
OXEI63900098113966,Rebecca Dale,,Sex 2,1969-03-25,15,14,,9.0,0.27,-0.4,0.27,0.35,#DIV/0!,0.400,2,-0.75,0.00,0.00,1.00,1.00,0.0,0,1
OYXV44410304150274,Jessica Hall-Martin,,Sex 2,,21,13,,18.0,4.14,1.27,4.14,0.69,1.00,0.250,0,0.59,2.40,0.60,0.40,0.40,0.0,0,1
PAIO09094453675266,Sophie Edwards,27.9,Sex 2,1972-11-11,2,12,2000-10-23,15.0,1.97,0.73,1.97,0.43,#DIV/0!,0.444,1,0.3,1.40,0.50,0.50,1.00,0.0,0,1
PAIO09094453675266,Sophie Edwards,-72.9,Sex 2,1972-11-11,31,6,,36.0,3.40,0.62,3.40,0.06,0.00,0.455,1,0.55,2.59,0.56,0.44,0.11,0.0,0,2
PBCS79444924732763,Terry Smart,,Sex 1,,30,14,,14.0,2.11,0.71,2.11,0.41,#DIV/0!,0.143,0,0.31,1.56,0.50,0.50,0.50,0.0,0,1
PBVH96690822699011,Terry Baker-Swift,,Sex 1,,5,11,,18.0,0.94,0.48,0.94,0.563,#DIV/0!,0.600,1,-0.08,0.00,0.00,1.00,0.33,0.0,0,1
PCWJ72897315504224,Dorothy Roberts-Lloyd,22.7,Sex 1,1985-10-10,17,5,2008-06-23,37.0,3.05,0.85,3.05,0.11,0.14,0.071,1,0.74,1.91,0.75,0.25,0.25,0.0,0,1
PCZB64803981409448,Mr Craig Davies,,Sex 2,1979-02-22,20,20,,3.0,0.10,-0.4,0.10,0.5,#DIV/0!,0.500,0,-0.9,0.00,0.00,1.00,1.00,0.0,0,2
PCZB64803981409448,Glenn Parry,29.3,Sex 2,1979-02-22,17,3,2008-06-23,39.0,8.13,1.1,8.13,0.1,0.00,0.462,1,1.0,7.00,1.00,0.00,0.00,0.0,10,1
PEYJ76235634354572,Dr Adam Finch,,Sex 2,,19,15,,14.0,1.78,0.87,1.78,0.19,#DIV/0!,0.167,0,0.68,1.62,0.75,0.25,0.75,0.0,0,1
PFDF81393462700866,Kathryn Gray,,Sex 1,,25,18,,3.0,0.00,-0.83,0.00,0.0,#DIV/0!,0.000,0,-0.83,0.00,0.00,1.00,1.00,0.0,0,1
PHFT88988532961098,Julia Scott,,Sex 1,,30,4,,38.0,1.80,0.41,1.80,0.05,0,0.231,1,0.36,1.13,0.36,0.64,0.27,0.0,0,1
PJCV81893847066158,Diana Davis,,Sex 2,,23,14,,17.0,2.71,0.9,2.71,0.29,#DIV/0!,0.500,0,0.61,2.33,0.67,0.33,0.33,0.0,1,1
PJEJ72680823553838,Edward Johnston,36.7,Sex 2,1970-06-09,14,11,2007-02-08,21.0,2.63,1.07,2.63,0.53,#DIV/0!,0.583,2,0.54,1.70,0.67,0.33,1.00,0.0,3,1
PKUB78738163095725,Grace Brady-Fox,45.8,Sex 1,1960-09-09,13,20,2006-06-26,3.0,0.00,-0.6,0.00,0.0,#DIV/0!,0.000,0,-0.6,0.00,0.00,1.00,1.00,0.0,0,1
PONO20095363880286,Ruth Thorpe,,Sex 2,,29,3,,39.5,3.99,0.81,3.24,0.05,0.00,0.400,4,0.63,2.55,0.64,0.36,0.27,0.125,0,1
PPGQ47390591997777,Cheryl Oliver-Taylor,42.2,Sex 2,1961-08-17,8,13,2003-11-03,17.0,1.91,0.62,1.91,0.39,#DIV/0!,0.333,2,0.23,1.27,0.50,0.50,0.50,0.0,0,2
PPGQ47390591997777,Elizabeth Graham,38.6,Sex 2,1961-08-17,1,4,2000-03-13,37.0,3.67,0.95,3.67,0.06,0.00,0.455,0,0.89,2.80,0.90,0.10,0.40,0.0,0,1
PPOW35822789249839,Mr Abdul Jenkins,,Sex 2,,6,11,,18.0,1.65,0.69,1.65,0.45,#DIV/0!,0.500,2,0.24,0.93,0.33,0.67,-1.33,0.0,0,1
PQGR16692215932274,Danny Hill,,Sex 1,,4,4,,37.0,9.07,1.12,9.07,0.23,0.10,0.727,1,0.89,6.22,0.89,0.11,0.00,0.0,0,1
PQVB86243438974965,Ruth Thompson-Dawson,,Sex 1,,5,6,,33.0,2.53,0.72,2.53,0.116,0.00,0.500,1,0.61,1.59,0.63,0.38,0.38,0.0,0,1
PSDC66724114685464,Joshua Nixon,,Sex 1,,35,4,,38.0,6.57,1.01,6.57,0.11,0.00,0.286,1,0.9,5.04,0.90,0.10,0.10,0.0,0,1
PTYC21814203208326,Stacey Anderson,,Sex 1,,40,7,,35.0,3.36,0.88,3.36,0.16,0.13,0.364,0,0.72,1.70,0.73,0.27,,0.0,1,2
PTYC21814203208326,Stacey Anderson,,Sex 1,,37,1,,39.0,13.70,1.77,9.50,0.3,0.27,0.231,1,0.77,5.38,0.77,0.23,,0.7,0,1
PVBR24891341144914,Dennis Thompson,,Sex 1,,16,14,,17.0,1.52,0.76,1.52,0.095,0.00,0.200,1,0.66,1.31,0.75,0.25,1.00,0.0,2,1
PVIW47638972394883,Rachel Bryant,,Sex 1,,24,6,,36.0,1.80,0.74,1.80,0.05,0.00,0.308,3,0.69,1.23,0.70,0.30,0.40,0.0,0,1
PXCD11425792789446,Leanne Barnes-Cook,,Sex 1,,34,16,,13.0,0.73,0.4,0.73,0.49,1.00,0.500,0,-0.09,0.00,0.00,1.00,1.00,0.0,0,3
PXCD11425792789446,Leanne Barnes-Cook,,Sex 1,,18,1,,39.0,17.11,2.26,11.11,0.43,0.40,0.583,1,0.82,5.73,0.82,0.18,0.00,1.0,0,1
PXCD11425792789446,Leanne Barnes-Cook,,Sex 1,,20,10,,27.0,3.82,1.11,3.82,0.29,0.00,0.500,0,0.82,2.59,0.83,0.17,0.17,0.0,0,2
PXCR35234261977456,Sylvia Baker-Bishop,25.5,Sex 1,1976-01-22,3,8,2001-07-11,27.0,3.27,0.87,3.27,0.224,0.00,0.583,1,0.65,1.87,0.67,0.33,0.33,0.0,0,1
PYJS87484464197758,Marcus Fuller,32.7,Sex 2,1972-02-27,10,4,2004-11-01,37.0,4.30,0.75,4.30,0.09,0.00,0.400,6,0.65,3.11,0.67,0.33,0.17,0.0,0,1
QASM49930296406230,Dr Jamie Mitchell,,Sex 1,,30,1,,39.0,17.76,2.11,13.26,0.55,0.5454545455,0.462,1,0.82,5.73,0.82,0.18,0.09,0.75,0,1
QAZW49871065537489,Vincent Barnes,25.9,Sex 1,1980-07-26,13,9,2006-06-26,27.0,1.80,0.55,1.80,0.13,0.00,0.214,3,0.41,1.33,0.43,0.57,0.14,0.0,0,1
QBFR72345201477014,Dr Cheryl Gill,,Sex 1,,35,16,,8.0,1.64,0.39,1.64,0.11,#DIV/0!,0.000,0,0.27,1.56,0.50,0.50,1.00,0.0,0,1
QCLS89254779292579,Ian Bryan,103.5,Sex 1,,7,11,2003-06-23,19.0,2.68,1.05,2.68,0.363,#DIV/0!,0.333,0,0.68,1.91,1.00,0.00,0.33,0.0,0,1
QGBB43638220594620,Neil Kelly-Gordon,,Sex 1,,19,4,,38.0,6.38,0.96,6.38,0.36,0.33,0.545,2,0.6,2.40,0.60,0.40,0.10,0.0,0,1
QIDV41329305565181,Gillian McCarthy,,Sex 1,,36,2,,39.0,10.77,1.6,8.04,0.35,0.30,0.538,1,0.8,3.73,0.80,0.20,,0.45,0,1
QIHG75611514749198,Mr Mohammed Barnett,45.7,Sex 1,1955-10-30,3,4,2001-07-11,37.0,3.45,0.83,3.45,0.136,0.10,0.333,1,0.69,1.78,0.70,0.30,0.40,0.0,0,1
QIHG75611514749198,Mr Mohammed Barnett,48.0,Sex 1,1955-10-30,8,5,2003-11-03,36.0,5.16,1.05,5.16,0.23,0.14,0.429,4,0.82,2.92,0.83,0.17,0.17,0.0,0,2
QJDR10367659671689,Terence Smith,,Sex 2,,19,6,,36.0,2.33,0.5,2.33,0.14,0.00,0.545,4,0.36,1.05,0.38,0.63,0.25,0.0,0,1
QKQI28781554102339,Joanna Matthews,105.5,Sex 1,,11,6,2005-06-27,33.0,4.70,0.98,4.70,0.238,0.13,0.692,1,0.74,2.33,0.75,0.25,0.25,0.0,0,1
QMDE19802194174585,Mr Christopher Carpenter,,Sex 1,,12,12,,14.0,2.57,0.62,2.57,0.224,#DIV/0!,0.333,1,0.39,2.00,0.50,0.50,0.50,0.0,0,1
QSQB30360892632489,Robert Hussain,,Sex 2,,6,12,,15.0,1.59,0.72,1.59,0.46,#DIV/0!,0.500,0,0.25,1.04,0.33,0.67,-1.33,0.0,0,1
QTZR48427737964701,Ms Natasha May,22.4,Sex 1,1983-01-22,11,10,2005-06-27,21.0,2.78,0.97,2.78,0.404,0.00,0.667,0,0.57,1.68,0.60,0.40,0.20,0.0,0,1
QUDE22780521511590,Lee Miles,,Sex 1,1959-09-02,15,16,,3.0,0.00,-0.63,0.00,0.0,#DIV/0!,0.000,0,-0.63,0.00,0.00,1.00,1.00,0.0,0,1
QUSN96863153392524,Wendy Leonard,,Sex 2,,4,11,,18.0,2.35,0.76,2.35,0.38,#DIV/0!,0.300,1,0.38,1.60,0.40,0.60,0.20,0.0,0,1
QUXX12125535470454,Graham Marshall,28.4,Sex 1,1978-09-11,14,12,2007-02-08,19.0,1.72,0.59,1.72,0.11,#DIV/0!,0.091,0,0.48,1.56,0.50,0.50,0.50,0.0,0,1
QVUK40005568183852,Shirley Bell-Baxter,,Sex 2,,27,5,,37.5,2.38,0.76,2.38,0.15,0.13,0.286,0,0.61,1.01,0.62,0.38,0.54,0.0,0,1
QVUK40005568183852,Shirley Bell-Baxter,,Sex 2,,34,20,,3.0,0.00,-0.9,0.00,0.0,#DIV/0!,0.000,0,-0.9,0.00,0.00,1.00,1.00,0.0,0,3
QVUK40005568183852,Shirley Bell-Baxter,0.0,Sex 2,,31,10,,26.0,2.43,0.77,2.43,0.21,0.00,0.636,4,0.56,1.20,0.60,0.40,0.60,0.0,0,2
QVWC66483103922690,Craig Atkinson,,Sex 1,,18,10,,20.0,1.92,0.84,2.20,0.29,0.00,0.500,0,0.55,1.40,0.75,0.25,0.25,0.0,2,1
QWRX34811766816582,Oliver Byrne,,Sex 2,,5,3,,38.0,3.60,0.86,3.60,0.098,0.00,0.500,0,0.77,2.42,0.78,0.22,0.67,0.0,0,1
QXBN61947845279715,Mr Malcolm Mills,,Sex 1,,35,9,,27.0,2.93,0.82,2.93,0.12,0.00,0.333,0,0.7,2.00,0.71,0.29,0.29,0.0,0,1
QZBV66738891376111,Stuart Chan,,Sex 1,,38,8,,35.0,5.19,0.91,5.19,0.2,0.11,0.583,3,0.71,2.86,0.71,0.29,,0.0,4,1
QZCA42251537926961,Francesca Cox-Evans,,Sex 2,,20,7,,33.0,4.92,1.06,4.92,0.29,0.20,0.467,3,0.77,2.72,0.78,0.22,0.22,0.0,0,3
QZCA42251537926961,Francesca Cox-Evans,,Sex 2,,12,2,,39.0,7.47,1.43,5.76,0.154,0.09,0.462,2,0.99,3.50,1.00,0.00,0.33,0.29,6,1
QZSF23030367384118,Christian Griffiths-Coleman,25.8,Sex 2,1982-09-10,17,15,2008-06-23,12.0,1.90,0.78,1.90,0.43,#DIV/0!,0.500,1,0.34,1.56,0.50,0.50,0.50,0.0,0,1
RABY84300478670471,Joyce Marsh-Smith,104.5,Sex 1,,9,8,2004-06-26,27.0,3.02,0.74,2.77,0.18,0.00,0.571,0,0.55,1.45,0.57,0.43,0.29,0.0,0,1
RAJI78001797626235,Ms Dorothy Wright,,Sex 1,,26,4,,38.0,1.09,0.24,1.09,0.07,0.00,0.417,0,0.17,0.32,0.18,0.82,0.55,0.0,0,1
RCZL14136050728957,Damien O'Brien,,Sex 1,,39,17,,11.0,1.98,0.84,1.98,0.25,#DIV/0!,0.250,0,0.59,1.87,0.67,0.33,,0.0,0,1
RELI94038689931012,Sally Shaw,,Sex 1,,34,19,,6.0,1.27,0.32,1.27,0.0,#DIV/0!,0.000,0,0.32,1.27,0.50,0.50,0.50,0.0,0,2
RELI94038689931012,Sally Shaw,,Sex 1,,40,1,,39.0,13.73,1.79,9.23,0.38,0.40,0.273,1,0.67,4.67,0.67,0.33,,0.75,0,3
RELI94038689931012,Sally Shaw,,Sex 1,,28,1,,39.0,10.73,2.06,5.40,0.18,0.10,0.385,2,0.99,3.11,1.00,0.00,0.00,0.8888888889,0,1
REZE10370382978663,Miss Hollie Wall,55.4,Sex 1,1951-09-16,14,16,2007-02-08,10.0,0.46,-0.24,0.46,0.76,#DIV/0!,0.800,1,-1.0,0.00,0.00,1.00,1.00,0.0,0,1
RFCA16029415165995,Dylan Palmer,,Sex 1,,6,10,,21.0,2.28,1.0,2.28,0.34,0.00,0.500,0,0.66,1.40,0.75,0.25,-0.75,0.0,0,1
RHGE85697149686078,Jack Chan,,Sex 2,,21,15,,15.0,2.34,0.61,2.34,0.2,0.00,0.500,1,0.42,2.00,0.50,0.50,0.50,0.0,0,1
RHWK08458684393789,Rebecca Wilson,25.2,Sex 1,1981-11-10,14,8,2007-02-08,30.0,1.57,0.52,1.57,0.03,0.00,0.067,0,0.49,1.40,0.50,0.50,0.30,0.0,2,1
RIBA27415089087518,William Evans,,Sex 2,,37,8,,32.0,4.38,0.83,4.38,0.12,0.00,0.385,1,0.71,3.33,0.71,0.29,,0.0,0,1
RMDH70137845579870,Dr Roger Wright,,Sex 2,,36,4,,38.0,3.67,0.59,3.67,0.15,0.10,0.462,2,0.44,1.78,0.44,0.56,,0.0,1,1
RMQR65199380504151,Dr Jade Harris,,Sex 1,,36,5,,37.0,2.19,0.63,2.19,0.09,0.00,0.462,0,0.54,1.17,0.55,0.45,,0.0,1,1
ROTC76814168227633,Trevor Watson,,Sex 2,,26,2,,39.0,5.15,0.89,5.15,0.14,0.10,0.417,2,0.75,3.50,0.75,0.25,0.17,0.0,0,2
ROTC76814168227633,Trevor Watson,,Sex 2,,23,10,,28.0,2.78,0.83,2.78,0.22,0.25,0.429,0,0.61,1.35,0.63,0.38,0.25,0.0,1,1
ROXG40844884307317,Elaine Stewart,,Sex 2,,35,14,,14.0,0.73,-0.15,0.73,0.45,#DIV/0!,0.375,0,-0.6,0.00,0.00,1.00,1.00,0.0,0,1
RPSQ33874139050895,Mr Roy Walker,57.3,Sex 1,1951-02-25,17,1,2008-06-23,39.0,12.66,1.71,9.24,0.58,0.56,0.714,0,0.55,2.59,0.56,0.44,0.11,0.57,4,1
RQTO44180627875697,Ricky Lucas,,Sex 2,,5,15,,6.0,1.56,0.33,1.56,0.0,#DIV/0!,0.000,0,0.33,1.56,0.50,0.50,0.50,0.0,0,1
RSIA18925121198860,Ryan Hussain-Williamson,,Sex 1,,6,9,,24.0,2.81,0.77,3.14,0.45,0.33,0.545,0,0.36,0.93,0.40,0.60,-0.40,0.0,0,1
RSPQ35188669953160,Mitchell Clarke,,Sex 1,,25,2,,39.0,10.05,1.18,9.30,0.3,0.27,0.364,1,0.75,5.25,0.75,0.25,0.00,0.13,0,2
RSPQ35188669953160,Miss Charlotte Brown,100.8,Sex 1,,2,11,2000-10-23,17.0,2.84,1.21,2.84,0.64,#DIV/0!,0.600,0,0.57,1.87,1.00,0.00,1.00,0.0,0,1
RTHW76142712708744,Megan Baldwin,39.6,Sex 2,1965-11-02,11,11,2005-06-27,18.0,3.40,1.12,3.40,0.348,#DIV/0!,0.333,1,0.78,2.80,0.80,0.20,0.20,0.0,0,1
RTSM76783226093562,Charles Clements,,Sex 2,,26,5,,36.0,3.99,0.85,3.99,0.25,0.13,0.833,1,0.59,1.53,0.67,0.33,0.22,0.0,0,2
RTSM76783226093562,Gordon Taylor,,Sex 1,,16,5,,36.0,6.25,1.09,6.25,0.46,0.50,0.286,0,0.63,1.62,0.64,0.36,0.27,0.0,0,1
RUXH42170637223427,Dr Gary Jackson,,Sex 1,,37,11,,25.0,3.61,0.93,3.61,0.46,0.33,0.600,0,0.47,1.40,0.50,0.50,,0.0,0,1
RVBE92795860036176,Adrian Hall,24.2,Sex 1,1975-12-31,1,9,2000-03-13,24.0,3.12,0.67,3.12,0.5,0.67,0.364,2,0.17,0.56,0.20,0.80,0.20,0.0,0,1
RWEN68544158735907,Dr Dennis Dean,,Sex 2,,21,10,,27.0,2.83,1.07,2.83,0.27,0.25,0.400,0,0.8,1.37,0.83,0.17,0.50,0.0,0,1
RWEN68544158735907,Dr Dennis Dean,,Sex 2,,26,6,,36.0,4.79,0.86,4.79,0.32,0.25,0.667,1,0.55,1.73,0.56,0.44,0.22,0.0,0,2
RXOG45255457822085,Liam Richardson,,Sex 2,,33,2,,39.0,3.11,0.72,3.11,0.08,0.00,0.462,3,0.64,2.00,0.64,0.36,0.29,0.0,0,1
RZHD67321545836185,Craig O'Neill,,Sex 2,,14,17,2007-02-08,8.0,1.40,0.31,1.40,0.0,#DIV/0!,0.000,0,0.31,1.40,0.50,0.50,1.00,0.0,3,1
SBQI87056813541891,Dr Rachael Jones,,Sex 1,,23,17,,9.0,1.53,0.47,1.53,0.15,#DIV/0!,0.333,0,0.32,1.40,0.50,0.50,0.50,0.0,1,1
SDSZ28362248158609,Mrs Grace Harvey,,Sex 2,,37,15,,15.0,2.05,0.69,2.05,0.32,#DIV/0!,0.167,1,0.37,1.75,0.50,0.50,,0.0,0,1
SEAO24501141461534,Justin Thomas,35.0,Sex 2,1969-07-08,9,7,2004-06-26,30.0,3.38,1.09,3.96,0.23,0.17,0.429,0,0.86,2.04,0.88,0.13,0.25,0.0,0,1
SEDN16244111858730,Ruth Wilson,,Sex 2,,35,17,,6.0,0.08,-0.68,0.08,0.16,#DIV/0!,0.000,0,-0.83,0.00,0.00,1.00,1.00,0.0,0,1
SEHN26563029191518,Susan Howell-Byrne,22.4,Sex 1,1983-02-10,11,12,2005-06-27,15.0,2.31,0.99,2.31,0.301,#DIV/0!,0.300,0,0.69,1.91,0.75,0.25,0.50,0.0,0,1
SEPB43585226020714,Ashleigh Dyer,,Sex 1,,19,3,,39.0,4.42,1.03,4.42,0.1,0.11,0.091,0,0.93,3.25,0.93,0.07,0.29,0.0,0,1
SGHB60673369563522,Anna Dawson,,Sex 1,,33,18,,10.0,1.51,0.69,1.51,0.34,#DIV/0!,0.333,0,0.34,1.40,0.50,0.50,0.50,0.0,0,1
SGJP73260485041564,Dr Ryan Ward,,Sex 1,,4,10,,21.0,2.12,0.84,2.12,0.08,0.00,0.100,2,0.76,1.87,0.80,0.20,0.40,0.0,0,1
SGJP73260485041564,Dr Ryan Ward,,Sex 1,,22,1,,39.0,12.56,2.23,7.23,0.42,0.40,0.571,0,0.92,2.58,0.92,0.08,0.23,0.89,0,4
SGJP73260485041564,Dr Ryan Ward,,Sex 1,,40,17,,35.0,2.00,0.56,2.00,0.09,0.00,0.333,0,0.47,1.75,0.50,0.50,,0.0,21,5
SGJP73260485041564,Dr Ryan Ward,103.8,Sex 1,,8,2,2003-11-03,39.0,15.24,1.98,12.67,0.55,0.50,0.714,0,1.0,5.60,1.00,0.00,0.13,0.43,0,2
SGJP73260485041564,Dr Ryan Ward,,Sex 1,,20,13,,18.0,3.84,1.09,3.84,0.82,1.00,0.600,0,0.27,1.04,0.33,0.67,0.67,0.0,0,2
SHDY44812723590420,Harry Bell,,Sex 1,,27,9,,30.5,3.72,0.98,3.72,0.09,0.00,0.429,0,0.9,3.15,0.90,0.10,0.20,0.0,1,1
SHFV56483698115349,Dr Keith Phillips,28.3,Sex 1,1978-10-05,14,9,2007-02-08,27.0,3.89,1.11,3.89,0.34,0.00,0.714,0,0.77,2.49,0.80,0.20,0.20,0.0,0,1
SHTP73143155947999,Mark Bennett,,Sex 1,,30,13,,16.0,0.84,0.34,0.84,0.5,0,0.333,1,-0.15,0.00,0.00,1.00,0.50,0.0,0,1
SJLO49784980645256,Hannah Baldwin-Wright,,Sex 2,,30,9,,27.0,2.07,0.69,2.07,0.15,0,0.500,0,0.55,1.07,0.57,0.43,0.57,0.0,0,1
SJOK04327510835815,Ms Angela Williamson,,Sex 2,,23,1,,39.0,10.18,1.83,6.18,0.32,0.30,0.571,0,0.84,2.63,0.85,0.15,0.23,0.67,0,3
SJOK04327510835815,Ms Angela Williamson,,Sex 1,,40,10,,35.0,3.22,0.79,3.22,0.23,0.00,0.727,0,0.56,1.60,0.57,0.43,,0.0,7,2
SJQP26428476700412,Janet Kelly,,Sex 1,,16,7,,31.0,2.42,0.67,2.42,0.202,0.00,0.714,0,0.47,1.00,0.60,0.40,0.20,0.0,0,2
SJQP26428476700412,Elliot Martin,,Sex 1,,20,14,,15.0,1.75,0.68,1.75,0.11,0.00,0.250,0,0.57,1.53,0.60,0.40,0.40,0.0,0,2
SJQP26428476700412,Elliot Martin,,Sex 1,,15,7,,30.0,2.70,0.81,2.70,0.17,0.00,0.583,1,0.63,1.44,0.67,0.33,0.50,0.0,0,1
SJRR98748608302357,Aaron Gordon,,Sex 2,,19,1,,39.0,8.14,1.81,3.48,0.03,0.00,0.182,1,1.0,3.11,1.00,0.00,0.07,0.778,0,1
SJYK75036201666568,Mr Charlie Gill,,Sex 1,,35,10,,24.0,2.98,0.47,2.98,0.54,0.33,0.750,0,-0.07,0.00,0.00,1.00,0.33,0.0,0,1
SKLH51044440802252,Paige Walker-Davison,,Sex 2,,30,8,,29.0,2.08,0.63,2.08,0.08,0,0.182,1,0.56,1.45,0.57,0.43,0.29,0.0,0,1
SKLH51044440802252,Paige Walker-Davison,0.0,Sex 2,,31,19,,6.0,1.56,0.37,1.56,0.0,#DIV/0!,0.000,0,0.37,1.56,0.50,0.50,0.50,0.0,0,2
SLDQ74023949586310,John Watson,0.0,Sex 2,,32,13,,14.0,0.41,-0.52,0.41,0.32,#DIV/0!,0.167,2,-0.83,0.00,0.00,1.00,1.00,0.0,0,1
SMOF73361139556808,Marian Thomas,,Sex 2,,12,14,,8.0,0.68,-0.34,0.68,0.373,#DIV/0!,0.800,0,-0.71,0.00,0.00,1.00,1.00,0.0,2,1
SNCF03454953902547,Deborah Richards,,Sex 1,,39,18,,8.0,1.38,0.65,1.38,0.34,#DIV/0!,0.333,0,0.31,1.27,0.50,0.50,,0.0,0,1
SNYK16468344420756,Miss Sara Hayes,33.3,Sex 1,1971-07-08,10,12,2004-11-01,15.0,2.59,0.84,2.59,0.19,0.00,0.300,0,0.65,2.07,0.67,0.33,0.67,0.0,0,1
SQGB83714864897699,Miss Julie King,,Sex 1,,29,11,,21.5,1.88,0.61,1.88,0.15,0.00,0.429,0,0.46,1.40,0.50,0.50,0.50,0.0,1,1
SQYR53180334587306,Samantha Mason,,Sex 1,,35,15,,11.0,2.72,0.74,2.72,0.34,#DIV/0!,0.167,0,0.4,2.33,0.50,0.50,0.50,0.0,0,1
SRLN22928487700755,Karl Lawrence,,Sex 1,,23,11,,25.0,2.36,0.85,2.36,0.28,0.00,0.429,0,0.57,1.68,0.60,0.40,0.20,0.0,4,1
SRRS71960283379820,Mr Liam Ryan,29.1,Sex 2,1971-01-20,1,13,2000-03-13,12.0,1.79,0.7,1.79,0.4,#DIV/0!,0.429,1,0.3,1.40,0.50,0.50,1.00,0.0,0,1
STBD29759465879380,Dr Rebecca Lee,39.8,Sex 1,1964-01-27,8,4,2003-11-03,37.0,6.11,1.06,6.11,0.32,0.25,0.500,0,0.74,2.63,0.75,0.25,0.25,0.0,0,2
STBD29759465879380,Dr Rebecca Lee,39.4,Sex 1,1964-01-27,7,8,2003-06-23,27.0,5.63,1.33,5.63,0.52,0.50,0.643,1,0.81,2.12,0.83,0.17,0.33,0.0,0,1
STBD29759465879380,Dr Rebecca Lee,,Sex 1,1964-01-27,20,6,,36.0,2.43,0.72,2.43,0.13,0.00,0.467,1,0.59,1.20,0.60,0.40,0.30,0.0,0,3
STBD29759465879380,Dr Rebecca Lee,,Sex 1,1964-01-27,27,20,,4.5,0.00,0.0,0.00,0.0,#DIV/0!,#DIV/0!,0,0.0,0.00,0.00,1.00,0.00,0.0,4,4
STCD49194411130097,Ms Julia Hart,,Sex 1,,33,1,,39.0,9.86,1.88,3.86,0.13,0.09,0.308,2,0.75,2.10,0.75,0.25,0.42,1.0,0,1
STCD49194411130097,Ms Julia Hart,,Sex 1,,40,12,,35.0,1.99,0.83,1.99,0.21,0.00,0.500,0,0.62,0.98,0.67,0.33,,0.0,12,2
SUNE88560677578764,Tracey Coles-Dawson,,Sex 2,,37,17,,10.0,0.13,0.14,0.13,0.37,#DIV/0!,0.333,0,-0.24,0.00,0.00,1.00,,0.0,0,1
SUWD00125953666860,Mr Gerard Humphreys,,Sex 2,,18,6,,33.0,4.11,0.92,4.11,0.27,0.17,0.500,2,0.64,1.87,0.67,0.33,0.33,0.0,0,1
SWIX25511585207067,Roy Perkins,,Sex 2,,24,3,,39.0,6.20,1.12,6.20,0.22,0.17,0.538,0,0.9,3.15,0.90,0.10,0.30,0.0,0,1
SXVI70230036911022,Mr Joel Knight,47.7,Sex 2,1960-10-24,17,2,2008-06-23,39.0,7.97,1.59,5.40,0.27,0.25,0.500,1,0.89,2.29,0.90,0.10,0.30,0.43,2,1
SYUZ92120249607448,Reece Turner-Thompson,40.8,Sex 1,1964-01-04,10,1,2004-11-01,39.0,17.81,2.2,12.66,0.49,0.50,0.533,4,0.86,6.00,0.86,0.14,0.00,0.86,0,1
SYUZ92120249607448,Reece Turner-Thompson,,Sex 1,,20,16,,14.0,1.78,0.68,1.78,0.22,#DIV/0!,0.250,0,0.46,1.56,0.50,0.50,0.50,0.0,0,3
SZKW12998144216799,Josephine Evans,103.5,Sex 1,,7,10,2003-06-23,21.0,2.87,0.95,2.87,0.246,0.00,0.333,0,0.7,2.10,0.75,0.25,0.25,0.0,0,1
SZKW12998144216799,Josephine Evans,0.0,Sex 1,,31,12,,21.0,3.33,0.89,3.33,0.3,0.20,0.444,0,0.58,2.10,0.60,0.40,0.40,0.0,0,2
TACL86143603872565,Ian Waters-Nelson,38.6,Sex 2,1968-07-19,14,14,2007-02-08,14.0,1.40,0.45,1.40,0.0,#DIV/0!,0.000,0,0.45,1.40,0.50,0.50,0.50,0.0,0,1
TBOO30409159723179,Fiona Cooper,,Sex 2,,36,18,,9.0,0.21,0.16,0.21,0.66,#DIV/0!,0.667,0,-0.5,0.00,0.00,1.00,,0.0,0,1
TCEJ61636933614362,Sam Shaw,,Sex 1,,36,15,,17.0,2.60,1.19,2.60,0.49,#DIV/0!,0.500,0,0.7,2.10,0.75,0.25,,0.0,0,1
TFJB93814961063008,Kathryn Hancock,39.0,Sex 2,,10,8,2004-11-01,27.0,1.95,0.41,1.95,0.19,0.00,0.400,7,0.22,0.72,0.33,0.67,0.67,0.0,1,1
TFWS58396954203985,Mrs Katy O'Brien,103.5,Sex 1,,7,12,2003-06-23,19.0,3.28,1.16,3.28,0.46,#DIV/0!,0.500,1,0.7,2.33,0.75,0.25,0.50,0.0,0,1
TGGN92622616992424,Melanie Morley,,Sex 2,,25,2,,39.0,6.12,0.82,5.37,0.07,0.00,0.455,2,0.63,4.38,0.63,0.38,0.00,0.13,0,1
TGIF79182017994620,Adrian Miles,,Sex 1,,30,2,,39.0,4.08,0.74,3.33,0.11,0,0.538,1,0.5,1.75,0.50,0.50,0.17,0.125,0,1
TIMG78175708181052,Mathew Ferguson,101.5,Sex 2,,3,5,2001-07-11,36.0,3.07,0.5,3.07,0.169,0.11,0.500,2,0.33,1.17,0.33,0.67,0.22,0.0,0,1
TLAQ96682388185497,Stewart O'Connor-Thompson,0.0,Sex 1,,32,18,,3.0,0.00,-0.5,0.00,0.0,#DIV/0!,0.000,0,-0.5,0.00,0.00,1.00,1.00,0.0,0,1
TLKY02547515722569,Benjamin Berry,,Sex 2,,27,12,,19.5,1.48,0.66,1.48,0.26,#DIV/0!,0.571,1,0.41,0.93,0.50,0.50,0.75,0.0,1,1
TLNB91175714909529,Norman Woods-O'Brien,,Sex 1,,19,12,,21.0,1.94,0.67,1.94,0.39,0.00,0.750,1,0.27,1.00,0.50,0.50,0.50,0.0,0,1
TLRW11948577972589,Edward Newton,,Sex 1,,18,9,,24.0,3.53,0.91,3.53,0.29,0.00,0.545,0,0.61,2.33,0.67,0.33,0.33,0.0,5,1
TMYF94461696064533,Dr Georgina Goodwin,,Sex 1,,15,8,,27.0,4.22,1.22,4.22,0.38,0.33,0.417,0,0.84,2.18,0.86,0.14,0.14,0.0,0,1
TOIJ05221587514934,Hannah Frost-Hicks,,Sex 1,,24,15,,11.0,1.67,0.9,1.67,0.64,#DIV/0!,0.571,1,0.26,1.17,0.50,0.50,1.00,0.0,0,1
TQWF16967760937780,Lawrence Arnold,,Sex 2,,33,7,,35.0,2.68,0.57,2.68,0.12,0.00,0.462,2,0.45,1.41,0.45,0.55,0.27,0.0,0,1
TSOY96623869752694,Julian Cooper,,Sex 2,,23,15,,15.0,2.93,0.86,2.93,0.23,#DIV/0!,0.333,0,0.63,2.67,0.67,0.33,0.33,0.0,1,1
TSUO43597823360083,Ms Abigail Cameron,,Sex 2,,21,14,,15.0,2.27,0.91,2.27,0.14,0.00,0.333,0,0.77,2.04,0.80,0.20,0.40,0.0,0,1
TTKR56232664593732,Megan Reed,25.8,Sex 2,1981-04-05,14,15,2007-02-08,11.0,0.74,0.25,0.74,1.0,#DIV/0!,1.000,0,-0.75,0.00,0.00,1.00,1.00,0.0,0,1
TUFB07741092975665,Anthony Marsh-Green,,Sex 2,,22,16,,12.0,0.14,0.03,0.14,0.14,#DIV/0!,0.250,0,-0.11,0.00,0.00,1.00,1.00,0.0,1,1
TUGD53099656782405,Christian Fuller,29.5,Sex 1,1978-12-18,17,4,2008-06-23,38.0,3.35,0.89,3.35,0.07,0.00,0.286,0,0.83,2.59,0.83,0.17,0.25,0.0,0,1
TVIH46373080128994,Dr Nicola Edwards,,Sex 1,,29,16,,8.5,1.04,0.26,1.04,0.0,#DIV/0!,0.000,0,0.26,1.04,0.33,0.67,0.33,0.0,1,1
TVTV91374635322791,Jeffrey Williams,,Sex 1,,4,6,,33.0,3.02,0.65,3.02,0.17,0.14,0.364,4,0.48,1.40,0.50,0.50,0.33,0.0,0,1
TXUI36153670525783,Tina Taylor,101.5,Sex 2,,3,15,2001-07-11,6.0,1.40,0.31,1.40,0.0,#DIV/0!,0.000,0,0.31,1.40,0.50,0.50,0.50,0.0,0,1
UAEL93585466110546,Damian Cooper,105.5,Sex 2,,11,5,2005-06-27,36.0,4.99,0.92,4.99,0.261,0.20,0.615,0,0.66,1.87,0.67,0.33,0.33,0.0,0,1
UBHS70393927462763,Jessica Burrows,,Sex 1,,6,2,,39.0,8.05,1.39,7.19,0.36,0.33,0.364,0,0.9,2.55,0.91,0.09,0.36,0.14,0,1
UCJA78895983895791,Nicholas Day,27.8,Sex 1,1978-08-21,13,5,2006-06-26,37.0,3.43,0.78,3.43,0.152,0.14,0.214,3,0.63,1.98,0.64,0.36,0.18,0.0,5,1
UEPR94085291593448,Ruth Baker,,Sex 1,,33,2,,39.0,8.75,1.22,8.75,0.36,0.36,0.308,0,0.86,4.00,0.86,0.14,0.14,0.0,0,1
UFEZ81840150997514,Max Perry,,Sex 2,,40,6,,36.0,4.39,0.79,4.39,0.25,0.25,0.182,1,0.54,1.91,0.55,0.45,,0.0,0,2
UFEZ81840150997514,Max Perry,,Sex 2,,25,1,,39.0,8.35,1.65,3.85,0.12,0.09,0.273,0,0.78,2.20,0.79,0.21,0.29,0.75,0,1
UFNV60586826505885,Dr Henry Jones,,Sex 2,,22,18,,6.0,0.00,-0.44,0.00,0.0,#DIV/0!,0.000,0,-0.44,0.00,0.00,1.00,1.00,0.0,3,1
UFNV60586826505885,Dr Henry Jones,,Sex 2,,26,20,,3.0,0.10,-0.1,0.10,0.5,#DIV/0!,0.500,0,-0.6,0.00,0.00,1.00,1.00,0.0,0,2
UKBE83207816733205,Liam Smith,,Sex 2,,18,16,,3.0,0.00,-0.88,0.00,0.0,#DIV/0!,0.000,0,-0.88,0.00,0.00,1.00,1.00,0.0,0,1
ULHM80573332035911,Timothy Gibbons-Arnold,100.8,Sex 2,,2,16,2000-10-23,3.0,0.00,-0.88,0.00,0.0,#DIV/0!,0.000,0,-0.88,0.00,0.00,1.00,1.00,0.0,0,1
ULOQ93840216358745,Yvonne Jones,,Sex 1,,19,8,,31.0,2.48,0.82,2.48,0.19,0.00,0.700,3,0.48,1.17,0.50,0.50,0.33,0.0,0,1
UMAJ74742485823362,Rosie Johnston,,Sex 2,,33,15,,18.0,1.84,0.73,1.84,0.43,#DIV/0!,0.250,0,0.3,1.40,0.50,0.50,1.00,0.0,0,1
UOWL14825553214912,Mr Dominic Davies,,Sex 2,,19,20,,3.0,0.13,-0.14,0.13,0.56,#DIV/0!,0.000,0,-0.7,0.00,0.00,1.00,1.00,0.0,0,1
UQSV00623453286582,Dr Jamie Howell,35.8,Sex 1,1971-04-09,14,1,2007-02-08,39.0,12.16,2.0,6.16,0.11,0.00,0.375,0,0.89,4.98,0.89,0.11,0.11,1.0,6,1
URWB00513042402000,Bradley Hunt,,Sex 2,,15,15,,6.0,0.00,-0.27,0.00,0.0,#DIV/0!,0.000,0,-0.27,0.00,0.00,1.00,1.00,0.0,0,1
UTED27613614677431,Olivia Mitchell,23.2,Sex 2,1983-12-02,14,10,2007-02-08,24.0,3.13,0.93,3.13,0.34,#DIV/0!,0.286,0,0.58,2.40,0.60,0.40,0.20,0.0,0,1
UVDU56076144114422,Carolyn Hawkins,27.8,Sex 2,1979-04-25,14,19,2007-02-08,3.0,0.00,-0.67,0.00,0.0,#DIV/0!,0.000,0,-0.67,0.00,0.00,1.00,1.00,0.0,0,1
UVNV16322547849800,Angela Hughes-Ward,,Sex 2,,22,13,,19.0,1.78,0.7,1.78,0.25,#DIV/0!,0.429,2,0.45,1.40,0.50,0.50,0.50,0.0,1,1
UWRX03465279688974,Miss Jane Wright,104.5,Sex 2,,9,12,2004-06-26,15.0,2.62,0.84,2.27,0.38,#DIV/0!,0.400,0,0.47,1.75,0.50,0.50,0.25,0.0,0,1
UXFT32589378674501,Craig Cooke,0.0,Sex 2,,31,7,,35.0,1.75,0.72,1.75,0.06,0.00,0.273,2,0.66,1.04,0.67,0.33,0.50,0.0,0,2
UXFT32589378674501,Craig Cooke,,Sex 2,,25,5,,36.0,2.28,0.4,2.28,0.13,0.11,0.182,6,0.27,0.80,0.29,0.71,0.57,0.0,0,1
UZBP65869884939191,Laura Thompson-Robson,,Sex 2,,34,14,,18.0,1.81,0.77,1.81,0.29,#DIV/0!,0.222,0,0.48,1.40,0.50,0.50,0.33,0.0,0,3
UZBP65869884939191,Laura Thompson-Robson,-66.3,Sex 1,1966-04-16,31,17,,11.0,2.63,0.72,2.63,0.0,#DIV/0!,0.000,0,0.72,2.63,0.75,0.25,0.25,0.0,0,2
UZBP65869884939191,Laura Thompson-Robson,34.5,Sex 1,1966-04-16,2,10,2000-10-23,21.0,2.67,0.96,2.67,0.38,0.00,0.600,0,0.57,1.70,0.67,0.33,1.00,0.0,0,1
VAIQ79065874240709,Dr Tracy Thomas,,Sex 2,,5,4,,37.0,5.27,1.0,5.27,0.264,0.22,0.417,1,0.74,2.33,0.75,0.25,0.75,0.0,0,1
VCFP82058571847897,Hayley Jones-Martin,,Sex 1,,22,9,,33.0,1.22,0.37,1.10,0.05,0.00,0.429,1,0.32,0.72,0.33,0.67,0.22,0.0,3,1
VDXB93450150667280,Jean Dale,,Sex 1,,38,11,,35.0,1.51,0.69,1.51,0.04,0.00,0.100,0,0.65,1.24,0.67,0.33,,0.0,11,1
VDXB93450150667280,Jean Dale,,Sex 1,,33,4,,38.0,4.87,1.09,4.87,0.24,0.18,0.385,1,0.85,1.71,0.86,0.14,0.43,0.0,0,1
VFLN25185462664929,Kevin Butcher,101.5,Sex 2,,3,9,2001-07-11,24.0,3.36,0.96,3.36,0.181,0.00,0.455,1,0.78,2.49,0.80,0.20,0.20,0.0,0,1
VFYQ29502324196942,Alexandra Williams,,Sex 2,,25,11,,19.0,0.92,-0.02,0.92,0.35,0.00,0.500,2,-0.36,0.00,0.00,1.00,1.00,0.0,0,1
VGVD65631767286875,Mohammad Hunt,0.0,Sex 2,,32,16,,8.0,0.27,0.1,0.27,0.43,#DIV/0!,0.333,0,-0.33,0.00,0.00,1.00,1.00,0.0,0,1
VHFY86420743993383,Tony Cooper,,Sex 2,,6,13,,12.0,0.55,0.4,0.55,0.54,#DIV/0!,0.571,0,-0.13,0.00,0.00,1.00,-2.50,0.0,0,1
VHST59585792134622,Dr Mark Owen,,Sex 1,,25,6,,33.0,5.33,0.98,5.33,0.36,0.29,0.455,0,0.61,1.94,0.63,0.38,0.13,0.0,0,1
VJAU46775040215860,Stephen Jones,,Sex 2,,28,12,,16.0,1.85,0.57,1.85,0.37,#DIV/0!,0.333,3,0.19,1.17,0.50,0.50,1.00,0.0,0,1
VKMB10909501358364,Charlie Kennedy,,Sex 2,,38,17,,14.0,0.92,0.33,0.92,0.18,0.00,0.111,0,0.15,0.43,0.20,0.80,,0.0,1,1
VLVC83904928261987,Carol Thomas,,Sex 1,,23,12,,25.0,2.43,0.73,2.43,0.32,0.33,0.429,0,0.41,1.00,0.43,0.57,0.29,0.0,1,1
VMRH92535226983880,Dr Jay Lewis,,Sex 1,,5,2,,39.0,8.31,1.49,5.74,0.18,0.10,0.500,0,0.88,3.56,0.89,0.11,0.89,0.43,0,1
VMUS30405498015983,Anne Wilkinson-Edwards,,Sex 2,,36,10,,29.0,3.14,0.73,3.14,0.11,0.00,0.250,1,0.62,2.50,0.63,0.38,,0.0,1,1
VOMT36397578849735,Jonathan Fletcher,0.0,Sex 1,,31,15,,13.0,0.52,0.25,0.52,0.33,0.50,0.167,1,-0.08,0.00,0.00,1.00,0.00,0.0,0,2
VOMT36397578849735,Miss Teresa Edwards,,Sex 1,1959-10-10,12,3,,38.0,11.58,1.03,11.58,0.636,0.65,0.462,0,0.4,2.24,0.40,0.60,0.10,0.0,8,1
VOPZ34223910004749,Mr Leslie Pearson,,Sex 1,,33,5,,37.0,2.58,0.49,2.58,0.11,0.00,0.538,2,0.38,1.20,0.38,0.62,0.23,0.0,0,1
VQDB95520415832656,Douglas Ryan-Robinson,,Sex 2,,39,7,,35.0,3.30,0.88,3.30,0.19,0.14,0.455,2,0.69,1.63,0.70,0.30,,0.0,0,1
VSYB43096010382917,Stuart Mitchell,,Sex 2,,22,3,,39.0,6.81,1.07,6.81,0.15,0.10,0.571,0,0.92,5.17,0.92,0.08,0.08,0.0,0,1
VTDF00929994991142,Harriet Wilson,,Sex 1,,18,2,,39.0,8.20,1.21,8.20,0.21,0.20,0.333,2,1.0,5.60,1.00,0.00,0.18,0.0,6,1
VTDF00929994991142,Harriet Wilson,0.0,Sex 1,,31,9,,29.0,3.84,0.79,3.84,0.23,0.17,0.455,2,0.56,2.00,0.57,0.43,0.43,0.0,0,2
VTDW43697301160187,Rachel Tomlinson,23.3,Sex 2,1976-12-06,1,6,2000-03-13,33.0,3.51,0.57,3.51,0.21,0.20,0.364,3,0.36,0.95,0.38,0.63,0.38,0.0,0,1
VTFB45745934711622,Samuel Baker,104.5,Sex 1,,9,18,2004-06-26,3.0,0.00,-0.56,0.00,0.0,#DIV/0!,0.000,0,-0.56,0.00,0.00,1.00,1.00,0.0,0,1
VTZF36176548392270,Hannah Norris,,Sex 2,,18,13,,12.0,2.03,0.98,1.83,0.41,#DIV/0!,0.500,0,0.3,1.40,0.50,0.50,1.00,0.0,0,1
VUWQ52960960320434,Maurice Ford,101.5,Sex 1,,3,14,2001-07-11,9.0,0.39,0.04,0.39,0.541,#DIV/0!,0.600,1,-0.5,0.00,0.00,1.00,1.00,0.0,0,1
WATZ10863184166120,Kate Sutton,40.7,Sex 1,1960-02-11,2,3,2000-10-23,41.0,4.50,1.01,4.50,0.2,0.18,0.364,0,0.81,1.91,0.82,0.18,1.00,0.0,0,1
WBAN76577552834143,Mr Guy Bailey,,Sex 2,,4,15,,6.0,1.56,0.33,1.56,0.0,#DIV/0!,0.000,0,0.33,1.56,0.50,0.50,1.00,0.0,0,1
WCMX75359816000017,Mrs Kathleen Sullivan,,Sex 1,,26,11,,25.0,1.16,0.49,1.16,0.08,0.00,0.182,0,0.41,0.86,0.43,0.57,0.29,0.0,0,1
WCRH15975828871038,Raymond George,,Sex 1,,30,17,,6.0,0.17,-0.05,0.17,0.45,0,0.500,0,-0.5,0.00,0.00,1.00,1.00,0.0,0,1
WDTN10340163571433,Mr Billy Clark,0.0,Sex 2,,31,13,,19.0,2.15,0.67,2.15,0.32,0.00,0.500,1,0.35,1.40,0.50,0.50,0.50,0.0,0,2
WDTN10340163571433,Mr Billy Clark,,Sex 2,,28,3,,38.0,4.86,0.82,4.86,0.13,0.10,0.154,1,0.69,3.23,0.69,0.31,0.23,0.0,0,1
WDUP23239274031961,Mrs Jasmine Abbott,31.4,Sex 1,1975-02-14,13,1,2006-06-26,39.0,8.86,1.78,5.53,0.229,0.00,0.786,0,0.99,3.11,1.00,0.00,0.33,0.56,1,1
WDUP23239274031961,Mrs Jasmine Abbott,,Sex 1,,40,14,,35.0,3.66,0.91,3.66,0.19,0.00,0.444,0,0.72,3.00,0.75,0.25,,0.0,17,2
WGPE53623524706812,Katherine Parker,,Sex 2,,22,14,,17.0,0.38,0.17,0.38,0.28,#DIV/0!,0.500,0,-0.11,0.00,0.00,1.00,0.67,0.0,1,1
WHUX52986831113019,Sara Taylor,30.4,Sex 1,1969-11-02,1,7,2000-03-13,30.0,3.29,0.45,3.29,0.32,0.29,0.455,2,0.13,0.40,0.14,0.86,0.29,0.0,0,1
WHUX52986831113019,Sara Taylor,,Sex 1,,27,3,,39.5,5.09,1.09,5.09,0.19,0.11,0.857,0,0.9,3.18,0.91,0.09,0.45,0.0,0,2
WJXU90491054692595,Hannah Taylor,,Sex 1,,39,15,,16.0,3.53,1.39,3.53,0.74,#DIV/0!,0.750,0,0.65,2.80,1.00,0.00,,0.0,0,1
WLCB21572731599780,Ann Johnson,,Sex 1,,4,9,,24.0,2.12,0.68,2.12,0.11,0.00,0.400,4,0.57,1.56,0.67,0.33,0.67,0.0,0,1
WNHM16146695552952,Rosie Walker-Smith,,Sex 1,,26,8,,31.0,2.56,0.53,2.56,0.29,0.00,0.500,0,0.24,0.58,0.25,0.75,0.50,0.0,0,2
WNVS88657848079772,Gregory Harris,40.4,Sex 1,1963-06-18,8,9,2003-11-03,27.0,2.84,0.93,2.84,0.18,0.00,0.154,0,0.75,2.04,0.80,0.20,0.20,0.0,0,2
WNVS88657848079772,Darren Smith,38.1,Sex 1,1963-06-18,3,3,2001-07-11,38.0,7.50,1.25,7.50,0.441,0.45,0.417,0,0.81,1.64,0.82,0.18,0.45,0.0,0,1
WOOC85179501698376,Bernard Miller-Davies,,Sex 2,,15,10,,21.0,2.62,0.97,2.62,0.21,0.00,0.300,1,0.76,2.04,0.80,0.20,0.20,0.0,0,1
WOXG85471040752320,Kyle James-Rees,,Sex 1,,24,12,,20.0,1.86,0.83,1.86,0.15,0.00,0.273,1,0.68,1.50,0.75,0.25,0.25,0.0,0,1
WPBY11090711650794,Dr Jodie Begum,,Sex 2,,30,11,,22.0,2.40,0.77,2.40,0.21,0,0.556,0,0.56,1.40,0.60,0.40,0.40,0.0,0,1
WPBY11090711650794,Dr Jodie Begum,,Sex 2,,34,13,,21.0,2.35,0.97,2.35,0.2,0.00,0.333,0,0.77,1.87,0.80,0.20,0.60,0.0,0,2
WPXH64246545268003,Jayne Parkes-Carroll,,Sex 2,,28,15,,11.0,1.82,0.62,1.82,0.11,#DIV/0!,0.000,0,0.51,1.70,0.67,0.33,1.00,0.0,0,1
WRNZ07151594652471,Amelia Ryan,,Sex 1,,36,9,,29.0,2.50,0.67,2.50,0.12,0.00,0.231,0,0.55,1.73,0.56,0.44,,0.0,0,1
WUVD21482188568947,Steven Smith,106.5,Sex 1,,13,17,2006-06-26,11.0,1.48,0.51,1.48,0.26,#DIV/0!,0.200,1,0.25,1.27,0.50,0.50,0.50,0.0,0,1
WVJD00688902279518,Mr Geoffrey Morgan,,Sex 1,,27,10,,27.5,3.03,1.06,3.03,0.41,0.50,0.143,0,0.65,1.33,0.67,0.33,0.33,0.0,5,1
WVJD00688902279518,Mr Geoffrey Morgan,0.0,Sex 1,,31,20,,3.0,0.00,-0.6,0.00,0.0,#DIV/0!,0.000,0,-0.6,0.00,0.00,1.00,1.00,0.0,0,2
WWLN66471587142688,Mr Duncan Morgan,,Sex 2,,6,6,,33.0,1.89,0.57,1.89,0.09,0.00,0.545,1,0.48,1.08,0.50,0.50,0.13,0.0,0,1
WXQI76838759259922,Mr Oliver Wood,,Sex 2,,38,7,,35.0,4.47,0.8,4.47,0.26,0.18,0.667,1,0.54,0.97,0.56,0.44,,0.0,1,1
WXSY24264957425988,Mr Sean Hughes,,Sex 2,,12,6,,30.0,4.23,0.97,4.23,0.151,0.00,0.462,3,0.82,2.92,0.83,0.17,0.33,0.0,0,1
WZCW92179828735356,Michael Smith,,Sex 1,,39,16,,14.0,1.51,0.61,1.51,0.16,#DIV/0!,0.167,0,0.45,1.40,0.50,0.50,,0.0,0,1
WZUZ25507654314379,Jonathan Shepherd,,Sex 1,,12,1,,39.0,9.23,1.7,4.95,0.223,0.18,0.462,0,0.76,1.68,0.78,0.22,0.67,0.71,4,1
WZUZ25507654314379,Jonathan Shepherd,,Sex 1,,27,11,,25.5,1.76,0.6,1.76,0.35,0.00,0.857,0,0.25,0.85,0.33,0.67,0.33,0.0,4,2
XAQN34895769802861,Nathan Stephenson,105.5,Sex 2,,11,13,2005-06-27,15.0,1.77,0.63,1.77,0.397,0.00,0.700,0,0.24,0.85,0.33,0.67,0.67,0.0,0,1
XAUY54591709020761,David Ahmed,,Sex 2,,27,8,,33.5,3.08,0.69,3.08,0.16,0.17,0.143,0,0.54,1.88,0.54,0.46,0.31,0.0,1,1
XBSD31288937404763,Maria Adams,,Sex 1,,21,1,,39.0,11.99,1.65,8.66,0.5,0.40,0.545,0,0.6,2.80,0.60,0.40,0.30,0.556,0,1
XCKA56951648577987,Paul Thompson,,Sex 1,,4,5,,36.0,3.53,0.84,3.53,0.15,0.11,0.182,3,0.69,1.78,0.70,0.30,0.30,0.0,0,1
XDXN45060425137516,Gemma Lambert,,Sex 1,,12,7,,25.0,2.88,0.77,2.88,0.22,0.00,0.700,2,0.56,1.29,0.60,0.40,0.40,0.0,4,1
XEGF36205772847339,Elizabeth Lewis,0.0,Sex 1,,32,15,,9.0,0.66,-0.24,0.66,0.76,#DIV/0!,0.400,0,-1.0,0.00,#DIV/0!,#DIV/0!,#DIV/0!,0.0,0,1
XEGF36205772847339,Joshua Riley,,Sex 1,,34,18,,9.0,2.07,0.6,2.07,0.0,#DIV/0!,0.000,0,0.6,2.07,0.67,0.33,0.33,0.0,0,2
XFGP16143582976745,Mr Elliott Harrison,,Sex 2,,4,2,,39.0,8.06,1.5,5.49,0.17,0.09,0.636,1,0.89,3.15,0.90,0.10,0.10,0.43,0,1
XGZF69368587594406,Miss Annette Stephenson,28.6,Sex 2,1972-12-03,3,6,2001-07-11,33.0,3.09,0.71,3.09,0.097,0.00,0.500,1,0.62,2.19,0.63,0.38,0.25,0.0,0,1
XILY66677526241539,Dr Mark Bowen,,Sex 1,,22,6,,36.0,4.28,1.09,4.28,0.28,0.25,0.571,0,0.81,1.64,0.82,0.18,0.27,0.0,1,1
XIYO51845821592128,Hayley Davies,,Sex 2,,24,14,,14.0,0.43,0.23,0.43,0.4,#DIV/0!,0.333,0,-0.17,0.00,0.00,1.00,0.50,0.0,0,1
XIYO51845821592128,Hayley Davies,,Sex 2,,27,2,,39.5,7.38,1.38,6.63,0.34,0.33,0.429,2,0.92,3.23,0.92,0.08,0.23,0.125,0,2
XJEK68146191649863,Sophie Allen-Watkins,,Sex 2,,35,12,,19.0,1.78,-0.01,1.78,0.57,1.00,0.700,0,-0.58,0.00,0.00,1.00,1.00,0.0,0,1
XJTX92419466772802,Lewis Howe,28.8,Sex 1,1978-04-20,14,7,2007-02-08,33.0,3.06,0.93,3.06,0.2,0.00,0.667,0,0.73,1.62,0.75,0.25,0.25,0.0,0,1
XKQT24700026490149,Rebecca Harris,0.0,Sex 1,,32,11,,19.0,0.85,0.0,0.85,0.32,0.00,0.500,1,-0.32,0.00,0.00,1.00,0.00,0.0,0,1
XLQD58763879837062,Kieran Sharpe,,Sex 1,,24,9,,27.0,2.48,0.68,2.48,0.12,0.00,0.385,1,0.56,1.78,0.57,0.43,0.29,0.0,0,1
XOZA68736828724205,Guy Norton-Moore,,Sex 1,,15,6,,33.0,3.91,0.86,3.91,0.2,0.14,0.333,0,0.66,2.07,0.67,0.33,0.22,0.0,0,1
XSBU78993058674499,Dr Benjamin Winter,,Sex 2,,23,7,,33.0,1.58,0.75,1.58,0.06,0.00,0.571,2,0.68,1.03,0.70,0.30,0.60,0.0,1,1
XSWE56944140634085,Ms Gemma Walsh,103.5,Sex 2,,7,14,2003-06-23,16.0,0.74,0.24,0.74,0.459,#DIV/0!,0.500,2,-0.21,0.00,0.00,1.00,0.50,0.0,0,1
XUBS82192324473530,Kimberley Miller,,Sex 1,,24,10,,25.0,4.81,1.26,4.81,0.48,0.33,0.692,1,0.78,2.49,0.80,0.20,0.20,0.0,0,1
XVAK34220664309928,Mrs Ann Poole,,Sex 2,,28,13,,14.0,0.55,-0.08,0.55,0.39,#DIV/0!,0.286,2,-0.46,0.00,0.00,1.00,0.00,0.0,0,1
YASJ99546600902945,Mrs Kirsty Walker,27.4,Sex 2,1979-10-01,14,6,2007-02-08,36.0,5.68,1.0,5.68,0.34,0.14,0.875,0,0.65,2.33,0.67,0.33,0.33,0.0,0,1
YCNG97275830633503,Rosemary Webb,103.5,Sex 2,,7,16,2003-06-23,4.0,0.17,-0.3,0.17,0.571,#DIV/0!,0.500,0,-0.88,0.00,0.00,1.00,1.00,0.0,0,1
YDXK01464359267697,Louise Hobbs,,Sex 1,,15,12,,15.0,2.97,1.13,2.97,0.74,#DIV/0!,0.625,0,0.38,2.00,0.50,0.50,0.50,0.0,0,1
YFVY26516856066797,Barbara Owens,,Sex 2,,6,5,,36.0,4.06,0.85,4.06,0.09,0.00,0.545,0,0.77,3.11,0.78,0.22,0.22,0.0,0,1
YGIW97306890211524,Louise Martin,,Sex 1,,38,18,,17.0,1.40,0.32,1.40,0.0,0.00,0.000,0,0.32,1.40,0.50,0.50,,0.0,8,1
YGXW09759099877481,Mrs Lorraine Clayton,,Sex 2,,38,12,,35.0,2.93,0.84,2.93,0.25,0.00,0.800,1,0.58,1.44,0.67,0.33,,0.0,12,1
YHXV18291835598242,Alison Walker,,Sex 2,,16,4,,37.0,3.38,0.69,3.38,0.073,0.00,0.500,2,0.62,2.50,0.63,0.38,0.13,0.0,0,1
YKDH21345630695956,Dr Nicholas Moore,,Sex 1,,34,7,,35.0,1.74,0.69,1.74,0.06,0.00,0.231,1,0.63,1.19,0.64,0.36,0.64,0.0,0,2
YKDH21345630695956,Dr Nicholas Moore,,Sex 2,,33,14,,20.0,2.79,1.06,2.79,0.68,#DIV/0!,0.500,0,0.38,1.75,0.50,0.50,0.50,0.0,0,1
YOJF04874218050452,Robin Gill-Moore,22.7,Sex 2,1977-07-16,1,8,2000-03-13,27.0,2.47,0.8,2.47,0.17,0.00,0.545,0,0.63,1.24,0.67,0.33,0.83,0.0,0,1
YOJF04874218050452,Robin Gill-Moore,26.3,Sex 2,1977-07-16,8,3,2003-11-03,38.0,4.60,1.01,4.60,0.12,0.00,0.500,0,0.88,3.11,0.89,0.11,0.33,0.0,0,2
YPNN65381775085302,Kim Gough,103.5,Sex 2,,7,6,2003-06-23,33.0,2.98,0.87,2.98,0.099,0.00,0.400,2,0.77,1.98,0.78,0.22,0.33,0.0,0,1
YQOG66184181723622,Harry Ali,23.5,Sex 2,1980-12-15,9,5,2004-06-26,36.0,4.16,0.63,3.90,0.19,0.10,0.563,0,0.44,1.56,0.44,0.56,0.33,0.0,0,1
YQRT56445531847984,Donna Hussain,,Sex 1,,27,15,,14.5,3.05,0.94,3.05,0.16,#DIV/0!,0.000,0,0.78,2.80,0.80,0.20,0.40,0.0,4,1
YQRT56445531847984,Donna Hussain,,Sex 1,,34,2,,39.0,11.47,1.48,9.67,0.51,0.50,0.615,0,0.67,3.11,0.67,0.33,0.58,0.3,0,2
YQUH49577132863014,Damien Davies-Rahman,,Sex 1,,28,17,,6.0,2.00,0.36,2.00,0.0,#DIV/0!,0.000,0,0.36,2.00,0.50,0.50,0.50,0.0,0,1
YSDI74532238771453,Joanna Thomas,,Sex 2,,5,12,,15.0,0.43,0.17,0.43,0.34,#DIV/0!,0.375,2,-0.17,0.00,0.00,1.00,0.50,0.0,0,1
YSJS81656849368248,Miss Tina Mills,,Sex 1,,4,14,,9.0,1.17,0.27,1.17,0.0,#DIV/0!,0.000,0,0.27,1.17,0.33,0.67,0.33,0.0,0,1
YVSE83736028080058,Bernard Cooke,103.5,Sex 1,,7,9,2003-06-23,24.0,2.37,0.74,2.37,0.182,0.00,0.385,0,0.56,1.40,0.60,0.40,0.20,0.0,0,1
ZBQN63565816870753,Dennis Matthews,,Sex 2,,29,17,,6.5,0.00,-0.12,0.00,0.0,#DIV/0!,0.000,0,-0.12,0.00,0.00,1.00,0.50,0.0,2,1
ZCOF43037030526361,Mr Declan Williamson,,Sex 2,,21,6,,36.0,3.37,0.74,3.37,0.25,0.25,0.273,1,0.49,0.93,0.50,0.50,0.40,0.0,0,1
ZEQX14601155167971,Robert Williams,,Sex 2,,23,16,,12.0,0.24,-0.06,0.24,0.24,#DIV/0!,0.500,0,-0.29,0.00,0.00,1.00,1.00,0.0,1,1
ZFAI17694296980085,Beverley Leach-Bates,,Sex 2,,18,3,,38.0,2.98,0.73,2.98,0.07,0.00,0.417,1,0.66,2.07,0.67,0.33,0.44,0.0,4,1
ZFCQ73906816888250,Nicole Smith,,Sex 2,,25,13,,13.0,0.17,-0.7,0.17,0.13,#DIV/0!,0.167,3,-0.83,0.00,0.00,1.00,1.00,0.0,0,1
ZKTK26810909420261,Barry Robinson,,Sex 2,,28,7,,30.0,3.30,0.92,3.30,0.23,0.00,0.667,1,0.69,1.54,0.71,0.29,0.43,0.0,0,1
ZKYD72264827327002,Mr Leslie Green,22.5,Sex 2,1982-05-02,10,17,2004-11-01,6.0,1.53,0.42,1.53,0.09,0.00,0.333,0,0.32,1.40,0.50,0.50,0.50,0.0,0,1
ZMTH74690769035074,Miss Amy Gill,,Sex 1,,22,12,,27.0,0.92,0.32,0.92,0.06,0.00,0.286,1,0.27,0.67,0.29,0.71,0.29,0.0,1,1
ZMVA55519090698370,Thomas Morris,,Sex 1,,37,10,,28.0,3.38,0.86,3.38,0.38,0.25,0.636,0,0.48,1.08,0.50,0.50,,0.0,0,1
ZPXL53560176514335,Dennis Price,32.6,Sex 1,1974-06-25,14,13,2007-02-08,16.0,1.20,0.55,1.20,0.0,#DIV/0!,0.000,0,0.55,1.20,0.60,0.40,0.60,0.0,0,1
ZQFY32781906614460,Mr Benjamin Humphreys,,Sex 2,,22,11,,28.0,1.43,0.43,1.43,0.07,0.00,0.429,1,0.36,1.05,0.38,0.63,0.13,0.0,1,1
ZSHC78376308794206,Sara Miller,,Sex 1,,28,16,,8.0,0.17,-0.06,0.17,0.27,#DIV/0!,0.333,1,-0.33,0.00,0.00,1.00,1.00,0.0,0,1
ZSZU46888106328987,Mr Mohamed Lowe,0.0,Sex 2,,31,11,,24.0,1.05,0.28,1.05,0.15,0.00,0.300,1,0.13,0.33,0.14,0.86,0.29,0.0,0,2
ZSZU46888106328987,Mr Mohamed Lowe,22.7,Sex 2,1977-06-24,1,2,2000-03-13,39.0,12.26,1.34,9.69,0.36,0.36,0.455,2,0.55,3.82,0.55,0.45,0.00,0.4285714286,0,1
ZTBL12823360242218,Harriet Hewitt-Hall,,Sex 1,,25,8,,27.0,2.58,0.68,2.58,0.24,0.00,0.545,0,0.44,1.08,0.50,0.50,0.75,0.0,0,1
ZTBL94652603918988,Helen Ross,23.8,Sex 2,1984-08-24,17,16,2008-06-23,9.0,0.22,-0.44,0.22,0.34,#DIV/0!,0.400,2,-0.78,0.00,0.00,1.00,1.00,0.0,0,1
ZTNH23333959926244,Ms Jemma Johnston,61.3,Sex 2,1947-02-24,17,17,2008-06-23,6.0,1.17,0.26,1.17,0.0,#DIV/0!,0.000,0,0.26,1.17,0.50,0.50,1.00,0.0,0,1
ZUUP74456715327138,Marc Green,,Sex 2,,33,13,,23.0,2.42,0.98,2.42,0.43,0.00,0.500,1,0.55,1.33,0.67,0.33,0.67,0.0,0,1
ZWXB19281857892677,Glenn Thorpe,,Sex 1,,26,17,,10.0,0.59,0.33,0.59,0.18,#DIV/0!,0.200,0,0.15,0.49,0.50,0.50,1.00,0.0,0,1
ZWXG70501210010070,Hilary Willis-Dean,,Sex 2,,25,17,,6.0,1.75,0.32,1.75,0.0,#DIV/0!,0.000,0,0.32,1.75,0.50,0.50,0.50,0.0,0,1
ZXUN61871282279864,Dr Kyle Abbott,,Sex 2,,16,10,,24.0,2.98,0.95,2.98,0.375,0.00,0.769,0,0.57,1.56,0.67,0.33,0.33,0.0,0,2
ZXUN61871282279864,Dr Kyle Abbott,21.5,Sex 2,1982-12-25,9,4,2004-06-26,37.0,5.73,1.03,5.74,0.32,0.27,0.438,0,0.72,1.57,0.73,0.27,0.55,0.0,0,1
ZYZG17368024603331,Rosemary Lucas-Thomas,,Sex 2,,21,9,,28.0,2.74,1.05,2.74,0.22,0.00,0.727,1,0.83,1.50,1.00,0.00,0.50,0.0,0,1
